prompt,policy,S,window,reaches,h
code-python,static,8,0,64000,0.2898
code-python,static,8,1,64000,0.2674
code-python,static,8,2,64000,0.2717
code-python,static,8,3,64000,0.2862
code-python,static,8,4,64000,0.204
code-python,static,8,5,64000,0.2432
code-python,static,8,6,64000,0.2759
code-python,static,8,7,64000,0.255
code-python,static,8,8,64000,0.2618
code-python,static,8,9,63680,0.2031
code-python,warm_lru,8,0,64000,0.2907
code-python,warm_lru,8,1,64000,0.2208
code-python,warm_lru,8,2,64000,0.2324
code-python,warm_lru,8,3,64000,0.2456
code-python,warm_lru,8,4,64000,0.1778
code-python,warm_lru,8,5,64000,0.2382
code-python,warm_lru,8,6,64000,0.2765
code-python,warm_lru,8,7,64000,0.2427
code-python,warm_lru,8,8,64000,0.2492
code-python,warm_lru,8,9,63680,0.2096
code-python,lru,8,0,64000,0.2904
code-python,lru,8,1,64000,0.2208
code-python,lru,8,2,64000,0.2324
code-python,lru,8,3,64000,0.2456
code-python,lru,8,4,64000,0.1778
code-python,lru,8,5,64000,0.2382
code-python,lru,8,6,64000,0.2765
code-python,lru,8,7,64000,0.2427
code-python,lru,8,8,64000,0.2492
code-python,lru,8,9,63680,0.2096
code-python,second_touch,8,0,64000,0.3304
code-python,second_touch,8,1,64000,0.2541
code-python,second_touch,8,2,64000,0.2593
code-python,second_touch,8,3,64000,0.276
code-python,second_touch,8,4,64000,0.2023
code-python,second_touch,8,5,64000,0.265
code-python,second_touch,8,6,64000,0.3173
code-python,second_touch,8,7,64000,0.2727
code-python,second_touch,8,8,64000,0.2754
code-python,second_touch,8,9,63680,0.227
code-python,lfu_decay:32,8,0,64000,0.3416
code-python,lfu_decay:32,8,1,64000,0.2817
code-python,lfu_decay:32,8,2,64000,0.2832
code-python,lfu_decay:32,8,3,64000,0.308
code-python,lfu_decay:32,8,4,64000,0.262
code-python,lfu_decay:32,8,5,64000,0.2825
code-python,lfu_decay:32,8,6,64000,0.3467
code-python,lfu_decay:32,8,7,64000,0.3066
code-python,lfu_decay:32,8,8,64000,0.3313
code-python,lfu_decay:32,8,9,63680,0.2719
code-python,lfru_decay:16,8,0,64000,0.3459
code-python,lfru_decay:16,8,1,64000,0.2808
code-python,lfru_decay:16,8,2,64000,0.2831
code-python,lfru_decay:16,8,3,64000,0.3087
code-python,lfru_decay:16,8,4,64000,0.2541
code-python,lfru_decay:16,8,5,64000,0.2915
code-python,lfru_decay:16,8,6,64000,0.3476
code-python,lfru_decay:16,8,7,64000,0.3105
code-python,lfru_decay:16,8,8,64000,0.3286
code-python,lfru_decay:16,8,9,63680,0.2679
code-python,lfru_decay:32,8,0,64000,0.3308
code-python,lfru_decay:32,8,1,64000,0.2689
code-python,lfru_decay:32,8,2,64000,0.2729
code-python,lfru_decay:32,8,3,64000,0.2948
code-python,lfru_decay:32,8,4,64000,0.249
code-python,lfru_decay:32,8,5,64000,0.2704
code-python,lfru_decay:32,8,6,64000,0.3305
code-python,lfru_decay:32,8,7,64000,0.2931
code-python,lfru_decay:32,8,8,64000,0.3154
code-python,lfru_decay:32,8,9,63680,0.2606
code-python,slru:0.5,8,0,64000,0.2624
code-python,slru:0.5,8,1,64000,0.1963
code-python,slru:0.5,8,2,64000,0.193
code-python,slru:0.5,8,3,64000,0.2198
code-python,slru:0.5,8,4,64000,0.1733
code-python,slru:0.5,8,5,64000,0.2116
code-python,slru:0.5,8,6,64000,0.2678
code-python,slru:0.5,8,7,64000,0.2149
code-python,slru:0.5,8,8,64000,0.2373
code-python,slru:0.5,8,9,63680,0.1826
code-python,static,16,0,64000,0.413
code-python,static,16,1,64000,0.3937
code-python,static,16,2,64000,0.3959
code-python,static,16,3,64000,0.4242
code-python,static,16,4,64000,0.3201
code-python,static,16,5,64000,0.3707
code-python,static,16,6,64000,0.3995
code-python,static,16,7,64000,0.3749
code-python,static,16,8,64000,0.383
code-python,static,16,9,63680,0.3096
code-python,warm_lru,16,0,64000,0.5192
code-python,warm_lru,16,1,64000,0.4123
code-python,warm_lru,16,2,64000,0.4207
code-python,warm_lru,16,3,64000,0.4408
code-python,warm_lru,16,4,64000,0.3475
code-python,warm_lru,16,5,64000,0.4311
code-python,warm_lru,16,6,64000,0.4982
code-python,warm_lru,16,7,64000,0.4447
code-python,warm_lru,16,8,64000,0.4426
code-python,warm_lru,16,9,63680,0.3829
code-python,lru,16,0,64000,0.518
code-python,lru,16,1,64000,0.4123
code-python,lru,16,2,64000,0.4207
code-python,lru,16,3,64000,0.4408
code-python,lru,16,4,64000,0.3475
code-python,lru,16,5,64000,0.4311
code-python,lru,16,6,64000,0.4982
code-python,lru,16,7,64000,0.4447
code-python,lru,16,8,64000,0.4426
code-python,lru,16,9,63680,0.3829
code-python,second_touch,16,0,64000,0.4797
code-python,second_touch,16,1,64000,0.3859
code-python,second_touch,16,2,64000,0.3883
code-python,second_touch,16,3,64000,0.4117
code-python,second_touch,16,4,64000,0.3324
code-python,second_touch,16,5,64000,0.403
code-python,second_touch,16,6,64000,0.4736
code-python,second_touch,16,7,64000,0.4182
code-python,second_touch,16,8,64000,0.4198
code-python,second_touch,16,9,63680,0.3566
code-python,lfu_decay:32,16,0,64000,0.4839
code-python,lfu_decay:32,16,1,64000,0.4106
code-python,lfu_decay:32,16,2,64000,0.4153
code-python,lfu_decay:32,16,3,64000,0.4423
code-python,lfu_decay:32,16,4,64000,0.3869
code-python,lfu_decay:32,16,5,64000,0.4087
code-python,lfu_decay:32,16,6,64000,0.4776
code-python,lfu_decay:32,16,7,64000,0.4426
code-python,lfu_decay:32,16,8,64000,0.4754
code-python,lfu_decay:32,16,9,63680,0.3981
code-python,lfru_decay:16,16,0,64000,0.5104
code-python,lfru_decay:16,16,1,64000,0.423
code-python,lfru_decay:16,16,2,64000,0.43
code-python,lfru_decay:16,16,3,64000,0.4564
code-python,lfru_decay:16,16,4,64000,0.3897
code-python,lfru_decay:16,16,5,64000,0.4375
code-python,lfru_decay:16,16,6,64000,0.5009
code-python,lfru_decay:16,16,7,64000,0.462
code-python,lfru_decay:16,16,8,64000,0.4834
code-python,lfru_decay:16,16,9,63680,0.4076
code-python,lfru_decay:32,16,0,64000,0.4918
code-python,lfru_decay:32,16,1,64000,0.412
code-python,lfru_decay:32,16,2,64000,0.4185
code-python,lfru_decay:32,16,3,64000,0.4431
code-python,lfru_decay:32,16,4,64000,0.3848
code-python,lfru_decay:32,16,5,64000,0.4152
code-python,lfru_decay:32,16,6,64000,0.4818
code-python,lfru_decay:32,16,7,64000,0.4444
code-python,lfru_decay:32,16,8,64000,0.4753
code-python,lfru_decay:32,16,9,63680,0.3997
code-python,slru:0.5,16,0,64000,0.5227
code-python,slru:0.5,16,1,64000,0.4207
code-python,slru:0.5,16,2,64000,0.4265
code-python,slru:0.5,16,3,64000,0.4524
code-python,slru:0.5,16,4,64000,0.3681
code-python,slru:0.5,16,5,64000,0.4414
code-python,slru:0.5,16,6,64000,0.5066
code-python,slru:0.5,16,7,64000,0.4556
code-python,slru:0.5,16,8,64000,0.4636
code-python,slru:0.5,16,9,63680,0.3994
code-python,static,32,0,64000,0.5566
code-python,static,32,1,64000,0.5521
code-python,static,32,2,64000,0.5472
code-python,static,32,3,64000,0.5754
code-python,static,32,4,64000,0.4776
code-python,static,32,5,64000,0.518
code-python,static,32,6,64000,0.5234
code-python,static,32,7,64000,0.5028
code-python,static,32,8,64000,0.5066
code-python,static,32,9,63680,0.4297
code-python,warm_lru,32,0,64000,0.6513
code-python,warm_lru,32,1,64000,0.554
code-python,warm_lru,32,2,64000,0.5578
code-python,warm_lru,32,3,64000,0.5814
code-python,warm_lru,32,4,64000,0.5055
code-python,warm_lru,32,5,64000,0.5773
code-python,warm_lru,32,6,64000,0.6372
code-python,warm_lru,32,7,64000,0.5889
code-python,warm_lru,32,8,64000,0.5958
code-python,warm_lru,32,9,63680,0.5325
code-python,lru,32,0,64000,0.6481
code-python,lru,32,1,64000,0.554
code-python,lru,32,2,64000,0.5578
code-python,lru,32,3,64000,0.5814
code-python,lru,32,4,64000,0.5055
code-python,lru,32,5,64000,0.5773
code-python,lru,32,6,64000,0.6372
code-python,lru,32,7,64000,0.5889
code-python,lru,32,8,64000,0.5958
code-python,lru,32,9,63680,0.5325
code-python,second_touch,32,0,64000,0.6149
code-python,second_touch,32,1,64000,0.5353
code-python,second_touch,32,2,64000,0.5304
code-python,second_touch,32,3,64000,0.5651
code-python,second_touch,32,4,64000,0.5032
code-python,second_touch,32,5,64000,0.5583
code-python,second_touch,32,6,64000,0.6124
code-python,second_touch,32,7,64000,0.571
code-python,second_touch,32,8,64000,0.5982
code-python,second_touch,32,9,63680,0.5242
code-python,lfu_decay:32,32,0,64000,0.6344
code-python,lfu_decay:32,32,1,64000,0.5603
code-python,lfu_decay:32,32,2,64000,0.5613
code-python,lfu_decay:32,32,3,64000,0.5895
code-python,lfu_decay:32,32,4,64000,0.5423
code-python,lfu_decay:32,32,5,64000,0.5577
code-python,lfu_decay:32,32,6,64000,0.6119
code-python,lfu_decay:32,32,7,64000,0.5886
code-python,lfu_decay:32,32,8,64000,0.6237
code-python,lfu_decay:32,32,9,63680,0.5479
code-python,lfru_decay:16,32,0,64000,0.6643
code-python,lfru_decay:16,32,1,64000,0.5772
code-python,lfru_decay:16,32,2,64000,0.5808
code-python,lfru_decay:16,32,3,64000,0.6084
code-python,lfru_decay:16,32,4,64000,0.5474
code-python,lfru_decay:16,32,5,64000,0.5961
code-python,lfru_decay:16,32,6,64000,0.6485
code-python,lfru_decay:16,32,7,64000,0.6161
code-python,lfru_decay:16,32,8,64000,0.636
code-python,lfru_decay:16,32,9,63680,0.5653
code-python,lfru_decay:32,32,0,64000,0.6524
code-python,lfru_decay:32,32,1,64000,0.5744
code-python,lfru_decay:32,32,2,64000,0.5768
code-python,lfru_decay:32,32,3,64000,0.6025
code-python,lfru_decay:32,32,4,64000,0.5493
code-python,lfru_decay:32,32,5,64000,0.5771
code-python,lfru_decay:32,32,6,64000,0.6315
code-python,lfru_decay:32,32,7,64000,0.6034
code-python,lfru_decay:32,32,8,64000,0.634
code-python,lfru_decay:32,32,9,63680,0.5614
code-python,slru:0.5,32,0,64000,0.6647
code-python,slru:0.5,32,1,64000,0.576
code-python,slru:0.5,32,2,64000,0.5749
code-python,slru:0.5,32,3,64000,0.6052
code-python,slru:0.5,32,4,64000,0.5381
code-python,slru:0.5,32,5,64000,0.5961
code-python,slru:0.5,32,6,64000,0.6496
code-python,slru:0.5,32,7,64000,0.6122
code-python,slru:0.5,32,8,64000,0.625
code-python,slru:0.5,32,9,63680,0.5575
code-python,static,48,0,64000,0.6533
code-python,static,48,1,64000,0.66
code-python,static,48,2,64000,0.6512
code-python,static,48,3,64000,0.677
code-python,static,48,4,64000,0.5861
code-python,static,48,5,64000,0.6181
code-python,static,48,6,64000,0.6086
code-python,static,48,7,64000,0.5936
code-python,static,48,8,64000,0.5973
code-python,static,48,9,63680,0.5264
code-python,warm_lru,48,0,64000,0.7323
code-python,warm_lru,48,1,64000,0.6497
code-python,warm_lru,48,2,64000,0.6497
code-python,warm_lru,48,3,64000,0.6776
code-python,warm_lru,48,4,64000,0.6192
code-python,warm_lru,48,5,64000,0.6731
code-python,warm_lru,48,6,64000,0.7186
code-python,warm_lru,48,7,64000,0.6794
code-python,warm_lru,48,8,64000,0.7018
code-python,warm_lru,48,9,63680,0.6411
code-python,lru,48,0,64000,0.7263
code-python,lru,48,1,64000,0.6497
code-python,lru,48,2,64000,0.6497
code-python,lru,48,3,64000,0.6776
code-python,lru,48,4,64000,0.6192
code-python,lru,48,5,64000,0.6731
code-python,lru,48,6,64000,0.7186
code-python,lru,48,7,64000,0.6794
code-python,lru,48,8,64000,0.7018
code-python,lru,48,9,63680,0.6411
code-python,second_touch,48,0,64000,0.6969
code-python,second_touch,48,1,64000,0.6376
code-python,second_touch,48,2,64000,0.6223
code-python,second_touch,48,3,64000,0.672
code-python,second_touch,48,4,64000,0.6244
code-python,second_touch,48,5,64000,0.6528
code-python,second_touch,48,6,64000,0.698
code-python,second_touch,48,7,64000,0.6733
code-python,second_touch,48,8,64000,0.6982
code-python,second_touch,48,9,63680,0.6366
code-python,lfu_decay:32,48,0,64000,0.7192
code-python,lfu_decay:32,48,1,64000,0.6612
code-python,lfu_decay:32,48,2,64000,0.6579
code-python,lfu_decay:32,48,3,64000,0.6823
code-python,lfu_decay:32,48,4,64000,0.65
code-python,lfu_decay:32,48,5,64000,0.6557
code-python,lfu_decay:32,48,6,64000,0.6986
code-python,lfu_decay:32,48,7,64000,0.6782
code-python,lfu_decay:32,48,8,64000,0.7097
code-python,lfu_decay:32,48,9,63680,0.6474
code-python,lfru_decay:16,48,0,64000,0.7395
code-python,lfru_decay:16,48,1,64000,0.6705
code-python,lfru_decay:16,48,2,64000,0.6704
code-python,lfru_decay:16,48,3,64000,0.6985
code-python,lfru_decay:16,48,4,64000,0.6526
code-python,lfru_decay:16,48,5,64000,0.6882
code-python,lfru_decay:16,48,6,64000,0.7321
code-python,lfru_decay:16,48,7,64000,0.7025
code-python,lfru_decay:16,48,8,64000,0.7206
code-python,lfru_decay:16,48,9,63680,0.6615
code-python,lfru_decay:32,48,0,64000,0.7395
code-python,lfru_decay:32,48,1,64000,0.6755
code-python,lfru_decay:32,48,2,64000,0.6772
code-python,lfru_decay:32,48,3,64000,0.6998
code-python,lfru_decay:32,48,4,64000,0.6602
code-python,lfru_decay:32,48,5,64000,0.6784
code-python,lfru_decay:32,48,6,64000,0.7235
code-python,lfru_decay:32,48,7,64000,0.6975
code-python,lfru_decay:32,48,8,64000,0.7237
code-python,lfru_decay:32,48,9,63680,0.663
code-python,slru:0.5,48,0,64000,0.7395
code-python,slru:0.5,48,1,64000,0.6648
code-python,slru:0.5,48,2,64000,0.6619
code-python,slru:0.5,48,3,64000,0.6971
code-python,slru:0.5,48,4,64000,0.6472
code-python,slru:0.5,48,5,64000,0.6851
code-python,slru:0.5,48,6,64000,0.7304
code-python,slru:0.5,48,7,64000,0.6998
code-python,slru:0.5,48,8,64000,0.7202
code-python,slru:0.5,48,9,63680,0.6588
code-python,static,64,0,64000,0.7344
code-python,static,64,1,64000,0.7411
code-python,static,64,2,64000,0.7273
code-python,static,64,3,64000,0.7508
code-python,static,64,4,64000,0.6721
code-python,static,64,5,64000,0.6941
code-python,static,64,6,64000,0.6749
code-python,static,64,7,64000,0.6618
code-python,static,64,8,64000,0.6687
code-python,static,64,9,63680,0.603
code-python,warm_lru,64,0,64000,0.792
code-python,warm_lru,64,1,64000,0.7269
code-python,warm_lru,64,2,64000,0.7178
code-python,warm_lru,64,3,64000,0.7512
code-python,warm_lru,64,4,64000,0.7135
code-python,warm_lru,64,5,64000,0.7423
code-python,warm_lru,64,6,64000,0.7783
code-python,warm_lru,64,7,64000,0.7497
code-python,warm_lru,64,8,64000,0.7712
code-python,warm_lru,64,9,63680,0.7251
code-python,lru,64,0,64000,0.7817
code-python,lru,64,1,64000,0.7269
code-python,lru,64,2,64000,0.7178
code-python,lru,64,3,64000,0.7512
code-python,lru,64,4,64000,0.7135
code-python,lru,64,5,64000,0.7423
code-python,lru,64,6,64000,0.7783
code-python,lru,64,7,64000,0.7497
code-python,lru,64,8,64000,0.7712
code-python,lru,64,9,63680,0.7251
code-python,second_touch,64,0,64000,0.7461
code-python,second_touch,64,1,64000,0.7108
code-python,second_touch,64,2,64000,0.6989
code-python,second_touch,64,3,64000,0.7421
code-python,second_touch,64,4,64000,0.7098
code-python,second_touch,64,5,64000,0.7158
code-python,second_touch,64,6,64000,0.7582
code-python,second_touch,64,7,64000,0.7396
code-python,second_touch,64,8,64000,0.761
code-python,second_touch,64,9,63680,0.7052
code-python,lfu_decay:32,64,0,64000,0.777
code-python,lfu_decay:32,64,1,64000,0.7329
code-python,lfu_decay:32,64,2,64000,0.7298
code-python,lfu_decay:32,64,3,64000,0.7538
code-python,lfu_decay:32,64,4,64000,0.7266
code-python,lfu_decay:32,64,5,64000,0.7258
code-python,lfu_decay:32,64,6,64000,0.7598
code-python,lfu_decay:32,64,7,64000,0.7436
code-python,lfu_decay:32,64,8,64000,0.7689
code-python,lfu_decay:32,64,9,63680,0.7182
code-python,lfru_decay:16,64,0,64000,0.7881
code-python,lfru_decay:16,64,1,64000,0.7368
code-python,lfru_decay:16,64,2,64000,0.7341
code-python,lfru_decay:16,64,3,64000,0.7625
code-python,lfru_decay:16,64,4,64000,0.7272
code-python,lfru_decay:16,64,5,64000,0.7504
code-python,lfru_decay:16,64,6,64000,0.7856
code-python,lfru_decay:16,64,7,64000,0.7612
code-python,lfru_decay:16,64,8,64000,0.7788
code-python,lfru_decay:16,64,9,63680,0.7308
code-python,lfru_decay:32,64,0,64000,0.7913
code-python,lfru_decay:32,64,1,64000,0.7475
code-python,lfru_decay:32,64,2,64000,0.747
code-python,lfru_decay:32,64,3,64000,0.7682
code-python,lfru_decay:32,64,4,64000,0.7377
code-python,lfru_decay:32,64,5,64000,0.7494
code-python,lfru_decay:32,64,6,64000,0.7856
code-python,lfru_decay:32,64,7,64000,0.7649
code-python,lfru_decay:32,64,8,64000,0.7853
code-python,lfru_decay:32,64,9,63680,0.736
code-python,slru:0.5,64,0,64000,0.7892
code-python,slru:0.5,64,1,64000,0.7358
code-python,slru:0.5,64,2,64000,0.7289
code-python,slru:0.5,64,3,64000,0.7632
code-python,slru:0.5,64,4,64000,0.7255
code-python,slru:0.5,64,5,64000,0.7482
code-python,slru:0.5,64,6,64000,0.786
code-python,slru:0.5,64,7,64000,0.7624
code-python,slru:0.5,64,8,64000,0.7806
code-python,slru:0.5,64,9,63680,0.7317
code-reasoning-mixed,static,8,0,64000,0.2928
code-reasoning-mixed,static,8,1,64000,0.2933
code-reasoning-mixed,static,8,2,64000,0.2467
code-reasoning-mixed,static,8,3,64000,0.2097
code-reasoning-mixed,static,8,4,64000,0.3093
code-reasoning-mixed,static,8,5,64000,0.1962
code-reasoning-mixed,static,8,6,64000,0.1861
code-reasoning-mixed,static,8,7,64000,0.2321
code-reasoning-mixed,static,8,8,64000,0.2049
code-reasoning-mixed,static,8,9,63680,0.2013
code-reasoning-mixed,warm_lru,8,0,64000,0.2845
code-reasoning-mixed,warm_lru,8,1,64000,0.2782
code-reasoning-mixed,warm_lru,8,2,64000,0.2734
code-reasoning-mixed,warm_lru,8,3,64000,0.2648
code-reasoning-mixed,warm_lru,8,4,64000,0.288
code-reasoning-mixed,warm_lru,8,5,64000,0.2767
code-reasoning-mixed,warm_lru,8,6,64000,0.2577
code-reasoning-mixed,warm_lru,8,7,64000,0.2868
code-reasoning-mixed,warm_lru,8,8,64000,0.2746
code-reasoning-mixed,warm_lru,8,9,63680,0.2766
code-reasoning-mixed,lru,8,0,64000,0.2845
code-reasoning-mixed,lru,8,1,64000,0.2782
code-reasoning-mixed,lru,8,2,64000,0.2734
code-reasoning-mixed,lru,8,3,64000,0.2648
code-reasoning-mixed,lru,8,4,64000,0.288
code-reasoning-mixed,lru,8,5,64000,0.2767
code-reasoning-mixed,lru,8,6,64000,0.2577
code-reasoning-mixed,lru,8,7,64000,0.2868
code-reasoning-mixed,lru,8,8,64000,0.2746
code-reasoning-mixed,lru,8,9,63680,0.2766
code-reasoning-mixed,second_touch,8,0,64000,0.3063
code-reasoning-mixed,second_touch,8,1,64000,0.3163
code-reasoning-mixed,second_touch,8,2,64000,0.303
code-reasoning-mixed,second_touch,8,3,64000,0.2878
code-reasoning-mixed,second_touch,8,4,64000,0.3208
code-reasoning-mixed,second_touch,8,5,64000,0.2972
code-reasoning-mixed,second_touch,8,6,64000,0.2768
code-reasoning-mixed,second_touch,8,7,64000,0.3171
code-reasoning-mixed,second_touch,8,8,64000,0.3
code-reasoning-mixed,second_touch,8,9,63680,0.302
code-reasoning-mixed,lfu_decay:32,8,0,64000,0.3296
code-reasoning-mixed,lfu_decay:32,8,1,64000,0.3224
code-reasoning-mixed,lfu_decay:32,8,2,64000,0.3102
code-reasoning-mixed,lfu_decay:32,8,3,64000,0.2844
code-reasoning-mixed,lfu_decay:32,8,4,64000,0.3266
code-reasoning-mixed,lfu_decay:32,8,5,64000,0.3763
code-reasoning-mixed,lfu_decay:32,8,6,64000,0.3084
code-reasoning-mixed,lfu_decay:32,8,7,64000,0.2938
code-reasoning-mixed,lfu_decay:32,8,8,64000,0.3211
code-reasoning-mixed,lfu_decay:32,8,9,63680,0.2834
code-reasoning-mixed,lfru_decay:16,8,0,64000,0.3233
code-reasoning-mixed,lfru_decay:16,8,1,64000,0.3365
code-reasoning-mixed,lfru_decay:16,8,2,64000,0.3277
code-reasoning-mixed,lfru_decay:16,8,3,64000,0.2954
code-reasoning-mixed,lfru_decay:16,8,4,64000,0.342
code-reasoning-mixed,lfru_decay:16,8,5,64000,0.3588
code-reasoning-mixed,lfru_decay:16,8,6,64000,0.3103
code-reasoning-mixed,lfru_decay:16,8,7,64000,0.3102
code-reasoning-mixed,lfru_decay:16,8,8,64000,0.3299
code-reasoning-mixed,lfru_decay:16,8,9,63680,0.3073
code-reasoning-mixed,lfru_decay:32,8,0,64000,0.3165
code-reasoning-mixed,lfru_decay:32,8,1,64000,0.3111
code-reasoning-mixed,lfru_decay:32,8,2,64000,0.2954
code-reasoning-mixed,lfru_decay:32,8,3,64000,0.2729
code-reasoning-mixed,lfru_decay:32,8,4,64000,0.3155
code-reasoning-mixed,lfru_decay:32,8,5,64000,0.3538
code-reasoning-mixed,lfru_decay:32,8,6,64000,0.2941
code-reasoning-mixed,lfru_decay:32,8,7,64000,0.2831
code-reasoning-mixed,lfru_decay:32,8,8,64000,0.306
code-reasoning-mixed,lfru_decay:32,8,9,63680,0.2743
code-reasoning-mixed,slru:0.5,8,0,64000,0.2434
code-reasoning-mixed,slru:0.5,8,1,64000,0.2641
code-reasoning-mixed,slru:0.5,8,2,64000,0.253
code-reasoning-mixed,slru:0.5,8,3,64000,0.2299
code-reasoning-mixed,slru:0.5,8,4,64000,0.2733
code-reasoning-mixed,slru:0.5,8,5,64000,0.2593
code-reasoning-mixed,slru:0.5,8,6,64000,0.2221
code-reasoning-mixed,slru:0.5,8,7,64000,0.2518
code-reasoning-mixed,slru:0.5,8,8,64000,0.2511
code-reasoning-mixed,slru:0.5,8,9,63680,0.2343
code-reasoning-mixed,static,16,0,64000,0.4161
code-reasoning-mixed,static,16,1,64000,0.4259
code-reasoning-mixed,static,16,2,64000,0.3823
code-reasoning-mixed,static,16,3,64000,0.3437
code-reasoning-mixed,static,16,4,64000,0.4315
code-reasoning-mixed,static,16,5,64000,0.3243
code-reasoning-mixed,static,16,6,64000,0.2997
code-reasoning-mixed,static,16,7,64000,0.3583
code-reasoning-mixed,static,16,8,64000,0.3356
code-reasoning-mixed,static,16,9,63680,0.3107
code-reasoning-mixed,warm_lru,16,0,64000,0.4868
code-reasoning-mixed,warm_lru,16,1,64000,0.4956
code-reasoning-mixed,warm_lru,16,2,64000,0.4893
code-reasoning-mixed,warm_lru,16,3,64000,0.4677
code-reasoning-mixed,warm_lru,16,4,64000,0.5054
code-reasoning-mixed,warm_lru,16,5,64000,0.4724
code-reasoning-mixed,warm_lru,16,6,64000,0.4493
code-reasoning-mixed,warm_lru,16,7,64000,0.4957
code-reasoning-mixed,warm_lru,16,8,64000,0.4853
code-reasoning-mixed,warm_lru,16,9,63680,0.4849
code-reasoning-mixed,lru,16,0,64000,0.4864
code-reasoning-mixed,lru,16,1,64000,0.4956
code-reasoning-mixed,lru,16,2,64000,0.4893
code-reasoning-mixed,lru,16,3,64000,0.4677
code-reasoning-mixed,lru,16,4,64000,0.5054
code-reasoning-mixed,lru,16,5,64000,0.4724
code-reasoning-mixed,lru,16,6,64000,0.4493
code-reasoning-mixed,lru,16,7,64000,0.4957
code-reasoning-mixed,lru,16,8,64000,0.4853
code-reasoning-mixed,lru,16,9,63680,0.4849
code-reasoning-mixed,second_touch,16,0,64000,0.4528
code-reasoning-mixed,second_touch,16,1,64000,0.4858
code-reasoning-mixed,second_touch,16,2,64000,0.4773
code-reasoning-mixed,second_touch,16,3,64000,0.4411
code-reasoning-mixed,second_touch,16,4,64000,0.4813
code-reasoning-mixed,second_touch,16,5,64000,0.451
code-reasoning-mixed,second_touch,16,6,64000,0.4193
code-reasoning-mixed,second_touch,16,7,64000,0.4782
code-reasoning-mixed,second_touch,16,8,64000,0.4565
code-reasoning-mixed,second_touch,16,9,63680,0.4567
code-reasoning-mixed,lfu_decay:32,16,0,64000,0.4754
code-reasoning-mixed,lfu_decay:32,16,1,64000,0.458
code-reasoning-mixed,lfu_decay:32,16,2,64000,0.4449
code-reasoning-mixed,lfu_decay:32,16,3,64000,0.4264
code-reasoning-mixed,lfu_decay:32,16,4,64000,0.4515
code-reasoning-mixed,lfu_decay:32,16,5,64000,0.5295
code-reasoning-mixed,lfu_decay:32,16,6,64000,0.4461
code-reasoning-mixed,lfu_decay:32,16,7,64000,0.4303
code-reasoning-mixed,lfu_decay:32,16,8,64000,0.4684
code-reasoning-mixed,lfu_decay:32,16,9,63680,0.4083
code-reasoning-mixed,lfru_decay:16,16,0,64000,0.4892
code-reasoning-mixed,lfru_decay:16,16,1,64000,0.4986
code-reasoning-mixed,lfru_decay:16,16,2,64000,0.4943
code-reasoning-mixed,lfru_decay:16,16,3,64000,0.4646
code-reasoning-mixed,lfru_decay:16,16,4,64000,0.4928
code-reasoning-mixed,lfru_decay:16,16,5,64000,0.5302
code-reasoning-mixed,lfru_decay:16,16,6,64000,0.4713
code-reasoning-mixed,lfru_decay:16,16,7,64000,0.4755
code-reasoning-mixed,lfru_decay:16,16,8,64000,0.5015
code-reasoning-mixed,lfru_decay:16,16,9,63680,0.4622
code-reasoning-mixed,lfru_decay:32,16,0,64000,0.4774
code-reasoning-mixed,lfru_decay:32,16,1,64000,0.4637
code-reasoning-mixed,lfru_decay:32,16,2,64000,0.4502
code-reasoning-mixed,lfru_decay:32,16,3,64000,0.4315
code-reasoning-mixed,lfru_decay:32,16,4,64000,0.4593
code-reasoning-mixed,lfru_decay:32,16,5,64000,0.5255
code-reasoning-mixed,lfru_decay:32,16,6,64000,0.4476
code-reasoning-mixed,lfru_decay:32,16,7,64000,0.4379
code-reasoning-mixed,lfru_decay:32,16,8,64000,0.471
code-reasoning-mixed,lfru_decay:32,16,9,63680,0.4164
code-reasoning-mixed,slru:0.5,16,0,64000,0.5007
code-reasoning-mixed,slru:0.5,16,1,64000,0.5168
code-reasoning-mixed,slru:0.5,16,2,64000,0.5107
code-reasoning-mixed,slru:0.5,16,3,64000,0.4859
code-reasoning-mixed,slru:0.5,16,4,64000,0.5237
code-reasoning-mixed,slru:0.5,16,5,64000,0.4962
code-reasoning-mixed,slru:0.5,16,6,64000,0.4704
code-reasoning-mixed,slru:0.5,16,7,64000,0.5164
code-reasoning-mixed,slru:0.5,16,8,64000,0.5048
code-reasoning-mixed,slru:0.5,16,9,63680,0.4993
code-reasoning-mixed,static,32,0,64000,0.6143
code-reasoning-mixed,static,32,1,64000,0.5884
code-reasoning-mixed,static,32,2,64000,0.5262
code-reasoning-mixed,static,32,3,64000,0.5097
code-reasoning-mixed,static,32,4,64000,0.5963
code-reasoning-mixed,static,32,5,64000,0.4117
code-reasoning-mixed,static,32,6,64000,0.4142
code-reasoning-mixed,static,32,7,64000,0.5191
code-reasoning-mixed,static,32,8,64000,0.4771
code-reasoning-mixed,static,32,9,63680,0.4671
code-reasoning-mixed,warm_lru,32,0,64000,0.6596
code-reasoning-mixed,warm_lru,32,1,64000,0.6708
code-reasoning-mixed,warm_lru,32,2,64000,0.6581
code-reasoning-mixed,warm_lru,32,3,64000,0.6281
code-reasoning-mixed,warm_lru,32,4,64000,0.6615
code-reasoning-mixed,warm_lru,32,5,64000,0.6376
code-reasoning-mixed,warm_lru,32,6,64000,0.6104
code-reasoning-mixed,warm_lru,32,7,64000,0.6682
code-reasoning-mixed,warm_lru,32,8,64000,0.6482
code-reasoning-mixed,warm_lru,32,9,63680,0.6433
code-reasoning-mixed,lru,32,0,64000,0.6575
code-reasoning-mixed,lru,32,1,64000,0.6708
code-reasoning-mixed,lru,32,2,64000,0.6581
code-reasoning-mixed,lru,32,3,64000,0.6281
code-reasoning-mixed,lru,32,4,64000,0.6615
code-reasoning-mixed,lru,32,5,64000,0.6376
code-reasoning-mixed,lru,32,6,64000,0.6104
code-reasoning-mixed,lru,32,7,64000,0.6682
code-reasoning-mixed,lru,32,8,64000,0.6482
code-reasoning-mixed,lru,32,9,63680,0.6433
code-reasoning-mixed,second_touch,32,0,64000,0.6392
code-reasoning-mixed,second_touch,32,1,64000,0.6639
code-reasoning-mixed,second_touch,32,2,64000,0.6483
code-reasoning-mixed,second_touch,32,3,64000,0.6138
code-reasoning-mixed,second_touch,32,4,64000,0.6462
code-reasoning-mixed,second_touch,32,5,64000,0.6466
code-reasoning-mixed,second_touch,32,6,64000,0.6106
code-reasoning-mixed,second_touch,32,7,64000,0.6431
code-reasoning-mixed,second_touch,32,8,64000,0.6413
code-reasoning-mixed,second_touch,32,9,63680,0.6192
code-reasoning-mixed,lfu_decay:32,32,0,64000,0.6624
code-reasoning-mixed,lfu_decay:32,32,1,64000,0.6136
code-reasoning-mixed,lfu_decay:32,32,2,64000,0.597
code-reasoning-mixed,lfu_decay:32,32,3,64000,0.5918
code-reasoning-mixed,lfu_decay:32,32,4,64000,0.5985
code-reasoning-mixed,lfu_decay:32,32,5,64000,0.6865
code-reasoning-mixed,lfu_decay:32,32,6,64000,0.6125
code-reasoning-mixed,lfu_decay:32,32,7,64000,0.5924
code-reasoning-mixed,lfu_decay:32,32,8,64000,0.6292
code-reasoning-mixed,lfu_decay:32,32,9,63680,0.5601
code-reasoning-mixed,lfru_decay:16,32,0,64000,0.6811
code-reasoning-mixed,lfru_decay:16,32,1,64000,0.671
code-reasoning-mixed,lfru_decay:16,32,2,64000,0.6603
code-reasoning-mixed,lfru_decay:16,32,3,64000,0.6461
code-reasoning-mixed,lfru_decay:16,32,4,64000,0.6577
code-reasoning-mixed,lfru_decay:16,32,5,64000,0.6916
code-reasoning-mixed,lfru_decay:16,32,6,64000,0.6443
code-reasoning-mixed,lfru_decay:16,32,7,64000,0.6608
code-reasoning-mixed,lfru_decay:16,32,8,64000,0.6755
code-reasoning-mixed,lfru_decay:16,32,9,63680,0.6373
code-reasoning-mixed,lfru_decay:32,32,0,64000,0.6743
code-reasoning-mixed,lfru_decay:32,32,1,64000,0.636
code-reasoning-mixed,lfru_decay:32,32,2,64000,0.6165
code-reasoning-mixed,lfru_decay:32,32,3,64000,0.6127
code-reasoning-mixed,lfru_decay:32,32,4,64000,0.6236
code-reasoning-mixed,lfru_decay:32,32,5,64000,0.693
code-reasoning-mixed,lfru_decay:32,32,6,64000,0.6249
code-reasoning-mixed,lfru_decay:32,32,7,64000,0.618
code-reasoning-mixed,lfru_decay:32,32,8,64000,0.6471
code-reasoning-mixed,lfru_decay:32,32,9,63680,0.5856
code-reasoning-mixed,slru:0.5,32,0,64000,0.6742
code-reasoning-mixed,slru:0.5,32,1,64000,0.687
code-reasoning-mixed,slru:0.5,32,2,64000,0.6771
code-reasoning-mixed,slru:0.5,32,3,64000,0.6452
code-reasoning-mixed,slru:0.5,32,4,64000,0.6764
code-reasoning-mixed,slru:0.5,32,5,64000,0.6695
code-reasoning-mixed,slru:0.5,32,6,64000,0.6419
code-reasoning-mixed,slru:0.5,32,7,64000,0.6786
code-reasoning-mixed,slru:0.5,32,8,64000,0.6712
code-reasoning-mixed,slru:0.5,32,9,63680,0.6556
code-reasoning-mixed,static,48,0,64000,0.7434
code-reasoning-mixed,static,48,1,64000,0.6978
code-reasoning-mixed,static,48,2,64000,0.6326
code-reasoning-mixed,static,48,3,64000,0.627
code-reasoning-mixed,static,48,4,64000,0.7033
code-reasoning-mixed,static,48,5,64000,0.4774
code-reasoning-mixed,static,48,6,64000,0.4969
code-reasoning-mixed,static,48,7,64000,0.6339
code-reasoning-mixed,static,48,8,64000,0.581
code-reasoning-mixed,static,48,9,63680,0.5849
code-reasoning-mixed,warm_lru,48,0,64000,0.7757
code-reasoning-mixed,warm_lru,48,1,64000,0.7737
code-reasoning-mixed,warm_lru,48,2,64000,0.7556
code-reasoning-mixed,warm_lru,48,3,64000,0.737
code-reasoning-mixed,warm_lru,48,4,64000,0.7617
code-reasoning-mixed,warm_lru,48,5,64000,0.7518
code-reasoning-mixed,warm_lru,48,6,64000,0.73
code-reasoning-mixed,warm_lru,48,7,64000,0.7632
code-reasoning-mixed,warm_lru,48,8,64000,0.7585
code-reasoning-mixed,warm_lru,48,9,63680,0.7421
code-reasoning-mixed,lru,48,0,64000,0.7693
code-reasoning-mixed,lru,48,1,64000,0.7737
code-reasoning-mixed,lru,48,2,64000,0.7556
code-reasoning-mixed,lru,48,3,64000,0.737
code-reasoning-mixed,lru,48,4,64000,0.7617
code-reasoning-mixed,lru,48,5,64000,0.7518
code-reasoning-mixed,lru,48,6,64000,0.73
code-reasoning-mixed,lru,48,7,64000,0.7632
code-reasoning-mixed,lru,48,8,64000,0.7585
code-reasoning-mixed,lru,48,9,63680,0.7421
code-reasoning-mixed,second_touch,48,0,64000,0.7446
code-reasoning-mixed,second_touch,48,1,64000,0.7491
code-reasoning-mixed,second_touch,48,2,64000,0.7339
code-reasoning-mixed,second_touch,48,3,64000,0.7255
code-reasoning-mixed,second_touch,48,4,64000,0.7369
code-reasoning-mixed,second_touch,48,5,64000,0.757
code-reasoning-mixed,second_touch,48,6,64000,0.7206
code-reasoning-mixed,second_touch,48,7,64000,0.7354
code-reasoning-mixed,second_touch,48,8,64000,0.7457
code-reasoning-mixed,second_touch,48,9,63680,0.7162
code-reasoning-mixed,lfu_decay:32,48,0,64000,0.7715
code-reasoning-mixed,lfu_decay:32,48,1,64000,0.7136
code-reasoning-mixed,lfu_decay:32,48,2,64000,0.6934
code-reasoning-mixed,lfu_decay:32,48,3,64000,0.7
code-reasoning-mixed,lfu_decay:32,48,4,64000,0.7
code-reasoning-mixed,lfu_decay:32,48,5,64000,0.7768
code-reasoning-mixed,lfu_decay:32,48,6,64000,0.7177
code-reasoning-mixed,lfu_decay:32,48,7,64000,0.6998
code-reasoning-mixed,lfu_decay:32,48,8,64000,0.729
code-reasoning-mixed,lfu_decay:32,48,9,63680,0.6691
code-reasoning-mixed,lfru_decay:16,48,0,64000,0.7814
code-reasoning-mixed,lfru_decay:16,48,1,64000,0.771
code-reasoning-mixed,lfru_decay:16,48,2,64000,0.7568
code-reasoning-mixed,lfru_decay:16,48,3,64000,0.75
code-reasoning-mixed,lfru_decay:16,48,4,64000,0.7622
code-reasoning-mixed,lfru_decay:16,48,5,64000,0.7771
code-reasoning-mixed,lfru_decay:16,48,6,64000,0.7476
code-reasoning-mixed,lfru_decay:16,48,7,64000,0.7624
code-reasoning-mixed,lfru_decay:16,48,8,64000,0.7688
code-reasoning-mixed,lfru_decay:16,48,9,63680,0.7388
code-reasoning-mixed,lfru_decay:32,48,0,64000,0.7849
code-reasoning-mixed,lfru_decay:32,48,1,64000,0.7402
code-reasoning-mixed,lfru_decay:32,48,2,64000,0.721
code-reasoning-mixed,lfru_decay:32,48,3,64000,0.7226
code-reasoning-mixed,lfru_decay:32,48,4,64000,0.7269
code-reasoning-mixed,lfru_decay:32,48,5,64000,0.7853
code-reasoning-mixed,lfru_decay:32,48,6,64000,0.7345
code-reasoning-mixed,lfru_decay:32,48,7,64000,0.7315
code-reasoning-mixed,lfru_decay:32,48,8,64000,0.7519
code-reasoning-mixed,lfru_decay:32,48,9,63680,0.6974
code-reasoning-mixed,slru:0.5,48,0,64000,0.7767
code-reasoning-mixed,slru:0.5,48,1,64000,0.7763
code-reasoning-mixed,slru:0.5,48,2,64000,0.7637
code-reasoning-mixed,slru:0.5,48,3,64000,0.75
code-reasoning-mixed,slru:0.5,48,4,64000,0.7666
code-reasoning-mixed,slru:0.5,48,5,64000,0.7682
code-reasoning-mixed,slru:0.5,48,6,64000,0.7446
code-reasoning-mixed,slru:0.5,48,7,64000,0.7693
code-reasoning-mixed,slru:0.5,48,8,64000,0.7669
code-reasoning-mixed,slru:0.5,48,9,63680,0.7481
code-reasoning-mixed,static,64,0,64000,0.8258
code-reasoning-mixed,static,64,1,64000,0.7777
code-reasoning-mixed,static,64,2,64000,0.7196
code-reasoning-mixed,static,64,3,64000,0.7171
code-reasoning-mixed,static,64,4,64000,0.7826
code-reasoning-mixed,static,64,5,64000,0.5532
code-reasoning-mixed,static,64,6,64000,0.5735
code-reasoning-mixed,static,64,7,64000,0.717
code-reasoning-mixed,static,64,8,64000,0.6611
code-reasoning-mixed,static,64,9,63680,0.6692
code-reasoning-mixed,warm_lru,64,0,64000,0.846
code-reasoning-mixed,warm_lru,64,1,64000,0.8327
code-reasoning-mixed,warm_lru,64,2,64000,0.8134
code-reasoning-mixed,warm_lru,64,3,64000,0.8121
code-reasoning-mixed,warm_lru,64,4,64000,0.8219
code-reasoning-mixed,warm_lru,64,5,64000,0.825
code-reasoning-mixed,warm_lru,64,6,64000,0.8037
code-reasoning-mixed,warm_lru,64,7,64000,0.8227
code-reasoning-mixed,warm_lru,64,8,64000,0.8266
code-reasoning-mixed,warm_lru,64,9,63680,0.8068
code-reasoning-mixed,lru,64,0,64000,0.8338
code-reasoning-mixed,lru,64,1,64000,0.8327
code-reasoning-mixed,lru,64,2,64000,0.8134
code-reasoning-mixed,lru,64,3,64000,0.8121
code-reasoning-mixed,lru,64,4,64000,0.8219
code-reasoning-mixed,lru,64,5,64000,0.825
code-reasoning-mixed,lru,64,6,64000,0.8037
code-reasoning-mixed,lru,64,7,64000,0.8227
code-reasoning-mixed,lru,64,8,64000,0.8266
code-reasoning-mixed,lru,64,9,63680,0.8068
code-reasoning-mixed,second_touch,64,0,64000,0.8004
code-reasoning-mixed,second_touch,64,1,64000,0.7987
code-reasoning-mixed,second_touch,64,2,64000,0.7831
code-reasoning-mixed,second_touch,64,3,64000,0.7953
code-reasoning-mixed,second_touch,64,4,64000,0.7909
code-reasoning-mixed,second_touch,64,5,64000,0.8266
code-reasoning-mixed,second_touch,64,6,64000,0.7888
code-reasoning-mixed,second_touch,64,7,64000,0.7891
code-reasoning-mixed,second_touch,64,8,64000,0.8096
code-reasoning-mixed,second_touch,64,9,63680,0.7706
code-reasoning-mixed,lfu_decay:32,64,0,64000,0.834
code-reasoning-mixed,lfu_decay:32,64,1,64000,0.7818
code-reasoning-mixed,lfu_decay:32,64,2,64000,0.76
code-reasoning-mixed,lfu_decay:32,64,3,64000,0.7746
code-reasoning-mixed,lfu_decay:32,64,4,64000,0.7705
code-reasoning-mixed,lfu_decay:32,64,5,64000,0.8348
code-reasoning-mixed,lfu_decay:32,64,6,64000,0.7881
code-reasoning-mixed,lfu_decay:32,64,7,64000,0.7734
code-reasoning-mixed,lfu_decay:32,64,8,64000,0.795
code-reasoning-mixed,lfu_decay:32,64,9,63680,0.7445
code-reasoning-mixed,lfru_decay:16,64,0,64000,0.8374
code-reasoning-mixed,lfru_decay:16,64,1,64000,0.8294
code-reasoning-mixed,lfru_decay:16,64,2,64000,0.8136
code-reasoning-mixed,lfru_decay:16,64,3,64000,0.8167
code-reasoning-mixed,lfru_decay:16,64,4,64000,0.8215
code-reasoning-mixed,lfru_decay:16,64,5,64000,0.8344
code-reasoning-mixed,lfru_decay:16,64,6,64000,0.8116
code-reasoning-mixed,lfru_decay:16,64,7,64000,0.821
code-reasoning-mixed,lfru_decay:16,64,8,64000,0.8295
code-reasoning-mixed,lfru_decay:16,64,9,63680,0.8048
code-reasoning-mixed,lfru_decay:32,64,0,64000,0.8425
code-reasoning-mixed,lfru_decay:32,64,1,64000,0.812
code-reasoning-mixed,lfru_decay:32,64,2,64000,0.7925
code-reasoning-mixed,lfru_decay:32,64,3,64000,0.8
code-reasoning-mixed,lfru_decay:32,64,4,64000,0.8033
code-reasoning-mixed,lfru_decay:32,64,5,64000,0.8421
code-reasoning-mixed,lfru_decay:32,64,6,64000,0.8072
code-reasoning-mixed,lfru_decay:32,64,7,64000,0.8052
code-reasoning-mixed,lfru_decay:32,64,8,64000,0.8192
code-reasoning-mixed,lfru_decay:32,64,9,63680,0.7804
code-reasoning-mixed,slru:0.5,64,0,64000,0.8361
code-reasoning-mixed,slru:0.5,64,1,64000,0.8306
code-reasoning-mixed,slru:0.5,64,2,64000,0.8161
code-reasoning-mixed,slru:0.5,64,3,64000,0.818
code-reasoning-mixed,slru:0.5,64,4,64000,0.8222
code-reasoning-mixed,slru:0.5,64,5,64000,0.8349
code-reasoning-mixed,slru:0.5,64,6,64000,0.8135
code-reasoning-mixed,slru:0.5,64,7,64000,0.825
code-reasoning-mixed,slru:0.5,64,8,64000,0.83
code-reasoning-mixed,slru:0.5,64,9,63680,0.8072
prose-rdna-boosts,static,8,0,64000,0.2755
prose-rdna-boosts,static,8,1,64000,0.2514
prose-rdna-boosts,static,8,2,64000,0.2664
prose-rdna-boosts,static,8,3,64000,0.2387
prose-rdna-boosts,static,8,4,64000,0.2662
prose-rdna-boosts,static,8,5,64000,0.1907
prose-rdna-boosts,static,8,6,64000,0.1944
prose-rdna-boosts,static,8,7,64000,0.2044
prose-rdna-boosts,static,8,8,64000,0.1462
prose-rdna-boosts,static,8,9,63680,0.2041
prose-rdna-boosts,warm_lru,8,0,64000,0.2748
prose-rdna-boosts,warm_lru,8,1,64000,0.2383
prose-rdna-boosts,warm_lru,8,2,64000,0.2222
prose-rdna-boosts,warm_lru,8,3,64000,0.1987
prose-rdna-boosts,warm_lru,8,4,64000,0.232
prose-rdna-boosts,warm_lru,8,5,64000,0.2543
prose-rdna-boosts,warm_lru,8,6,64000,0.3113
prose-rdna-boosts,warm_lru,8,7,64000,0.2361
prose-rdna-boosts,warm_lru,8,8,64000,0.2642
prose-rdna-boosts,warm_lru,8,9,63680,0.2252
prose-rdna-boosts,lru,8,0,64000,0.2746
prose-rdna-boosts,lru,8,1,64000,0.2383
prose-rdna-boosts,lru,8,2,64000,0.2222
prose-rdna-boosts,lru,8,3,64000,0.1987
prose-rdna-boosts,lru,8,4,64000,0.232
prose-rdna-boosts,lru,8,5,64000,0.2543
prose-rdna-boosts,lru,8,6,64000,0.3113
prose-rdna-boosts,lru,8,7,64000,0.2361
prose-rdna-boosts,lru,8,8,64000,0.2642
prose-rdna-boosts,lru,8,9,63680,0.2252
prose-rdna-boosts,second_touch,8,0,64000,0.3087
prose-rdna-boosts,second_touch,8,1,64000,0.257
prose-rdna-boosts,second_touch,8,2,64000,0.2356
prose-rdna-boosts,second_touch,8,3,64000,0.2032
prose-rdna-boosts,second_touch,8,4,64000,0.2579
prose-rdna-boosts,second_touch,8,5,64000,0.2788
prose-rdna-boosts,second_touch,8,6,64000,0.3437
prose-rdna-boosts,second_touch,8,7,64000,0.2526
prose-rdna-boosts,second_touch,8,8,64000,0.2792
prose-rdna-boosts,second_touch,8,9,63680,0.2386
prose-rdna-boosts,lfu_decay:32,8,0,64000,0.3092
prose-rdna-boosts,lfu_decay:32,8,1,64000,0.2861
prose-rdna-boosts,lfu_decay:32,8,2,64000,0.2668
prose-rdna-boosts,lfu_decay:32,8,3,64000,0.25
prose-rdna-boosts,lfu_decay:32,8,4,64000,0.2859
prose-rdna-boosts,lfu_decay:32,8,5,64000,0.2847
prose-rdna-boosts,lfu_decay:32,8,6,64000,0.3501
prose-rdna-boosts,lfu_decay:32,8,7,64000,0.2663
prose-rdna-boosts,lfu_decay:32,8,8,64000,0.2787
prose-rdna-boosts,lfu_decay:32,8,9,63680,0.2542
prose-rdna-boosts,lfru_decay:16,8,0,64000,0.3127
prose-rdna-boosts,lfru_decay:16,8,1,64000,0.2851
prose-rdna-boosts,lfru_decay:16,8,2,64000,0.2657
prose-rdna-boosts,lfru_decay:16,8,3,64000,0.2373
prose-rdna-boosts,lfru_decay:16,8,4,64000,0.2822
prose-rdna-boosts,lfru_decay:16,8,5,64000,0.2853
prose-rdna-boosts,lfru_decay:16,8,6,64000,0.3506
prose-rdna-boosts,lfru_decay:16,8,7,64000,0.2696
prose-rdna-boosts,lfru_decay:16,8,8,64000,0.2853
prose-rdna-boosts,lfru_decay:16,8,9,63680,0.2583
prose-rdna-boosts,lfru_decay:32,8,0,64000,0.2996
prose-rdna-boosts,lfru_decay:32,8,1,64000,0.2732
prose-rdna-boosts,lfru_decay:32,8,2,64000,0.2563
prose-rdna-boosts,lfru_decay:32,8,3,64000,0.2377
prose-rdna-boosts,lfru_decay:32,8,4,64000,0.2727
prose-rdna-boosts,lfru_decay:32,8,5,64000,0.2753
prose-rdna-boosts,lfru_decay:32,8,6,64000,0.3404
prose-rdna-boosts,lfru_decay:32,8,7,64000,0.2544
prose-rdna-boosts,lfru_decay:32,8,8,64000,0.2687
prose-rdna-boosts,lfru_decay:32,8,9,63680,0.2455
prose-rdna-boosts,slru:0.5,8,0,64000,0.2377
prose-rdna-boosts,slru:0.5,8,1,64000,0.2036
prose-rdna-boosts,slru:0.5,8,2,64000,0.1873
prose-rdna-boosts,slru:0.5,8,3,64000,0.1516
prose-rdna-boosts,slru:0.5,8,4,64000,0.1992
prose-rdna-boosts,slru:0.5,8,5,64000,0.2092
prose-rdna-boosts,slru:0.5,8,6,64000,0.28
prose-rdna-boosts,slru:0.5,8,7,64000,0.1926
prose-rdna-boosts,slru:0.5,8,8,64000,0.2112
prose-rdna-boosts,slru:0.5,8,9,63680,0.1794
prose-rdna-boosts,static,16,0,64000,0.3976
prose-rdna-boosts,static,16,1,64000,0.3722
prose-rdna-boosts,static,16,2,64000,0.4
prose-rdna-boosts,static,16,3,64000,0.3679
prose-rdna-boosts,static,16,4,64000,0.3988
prose-rdna-boosts,static,16,5,64000,0.2973
prose-rdna-boosts,static,16,6,64000,0.3001
prose-rdna-boosts,static,16,7,64000,0.3265
prose-rdna-boosts,static,16,8,64000,0.2349
prose-rdna-boosts,static,16,9,63680,0.302
prose-rdna-boosts,warm_lru,16,0,64000,0.4958
prose-rdna-boosts,warm_lru,16,1,64000,0.4292
prose-rdna-boosts,warm_lru,16,2,64000,0.4057
prose-rdna-boosts,warm_lru,16,3,64000,0.3631
prose-rdna-boosts,warm_lru,16,4,64000,0.4398
prose-rdna-boosts,warm_lru,16,5,64000,0.459
prose-rdna-boosts,warm_lru,16,6,64000,0.534
prose-rdna-boosts,warm_lru,16,7,64000,0.4381
prose-rdna-boosts,warm_lru,16,8,64000,0.4674
prose-rdna-boosts,warm_lru,16,9,63680,0.412
prose-rdna-boosts,lru,16,0,64000,0.4952
prose-rdna-boosts,lru,16,1,64000,0.4292
prose-rdna-boosts,lru,16,2,64000,0.4057
prose-rdna-boosts,lru,16,3,64000,0.3631
prose-rdna-boosts,lru,16,4,64000,0.4398
prose-rdna-boosts,lru,16,5,64000,0.459
prose-rdna-boosts,lru,16,6,64000,0.534
prose-rdna-boosts,lru,16,7,64000,0.4381
prose-rdna-boosts,lru,16,8,64000,0.4674
prose-rdna-boosts,lru,16,9,63680,0.412
prose-rdna-boosts,second_touch,16,0,64000,0.4649
prose-rdna-boosts,second_touch,16,1,64000,0.3956
prose-rdna-boosts,second_touch,16,2,64000,0.3701
prose-rdna-boosts,second_touch,16,3,64000,0.3199
prose-rdna-boosts,second_touch,16,4,64000,0.4176
prose-rdna-boosts,second_touch,16,5,64000,0.4138
prose-rdna-boosts,second_touch,16,6,64000,0.4878
prose-rdna-boosts,second_touch,16,7,64000,0.3902
prose-rdna-boosts,second_touch,16,8,64000,0.4232
prose-rdna-boosts,second_touch,16,9,63680,0.3634
prose-rdna-boosts,lfu_decay:32,16,0,64000,0.4475
prose-rdna-boosts,lfu_decay:32,16,1,64000,0.4231
prose-rdna-boosts,lfu_decay:32,16,2,64000,0.3954
prose-rdna-boosts,lfu_decay:32,16,3,64000,0.3761
prose-rdna-boosts,lfu_decay:32,16,4,64000,0.4202
prose-rdna-boosts,lfu_decay:32,16,5,64000,0.4091
prose-rdna-boosts,lfu_decay:32,16,6,64000,0.4686
prose-rdna-boosts,lfu_decay:32,16,7,64000,0.3981
prose-rdna-boosts,lfu_decay:32,16,8,64000,0.4131
prose-rdna-boosts,lfu_decay:32,16,9,63680,0.371
prose-rdna-boosts,lfru_decay:16,16,0,64000,0.48
prose-rdna-boosts,lfru_decay:16,16,1,64000,0.4383
prose-rdna-boosts,lfru_decay:16,16,2,64000,0.4116
prose-rdna-boosts,lfru_decay:16,16,3,64000,0.3772
prose-rdna-boosts,lfru_decay:16,16,4,64000,0.4396
prose-rdna-boosts,lfru_decay:16,16,5,64000,0.4341
prose-rdna-boosts,lfru_decay:16,16,6,64000,0.4973
prose-rdna-boosts,lfru_decay:16,16,7,64000,0.4259
prose-rdna-boosts,lfru_decay:16,16,8,64000,0.4455
prose-rdna-boosts,lfru_decay:16,16,9,63680,0.3961
prose-rdna-boosts,lfru_decay:32,16,0,64000,0.4605
prose-rdna-boosts,lfru_decay:32,16,1,64000,0.4244
prose-rdna-boosts,lfru_decay:32,16,2,64000,0.4006
prose-rdna-boosts,lfru_decay:32,16,3,64000,0.3773
prose-rdna-boosts,lfru_decay:32,16,4,64000,0.4241
prose-rdna-boosts,lfru_decay:32,16,5,64000,0.4178
prose-rdna-boosts,lfru_decay:32,16,6,64000,0.4788
prose-rdna-boosts,lfru_decay:32,16,7,64000,0.4046
prose-rdna-boosts,lfru_decay:32,16,8,64000,0.4205
prose-rdna-boosts,lfru_decay:32,16,9,63680,0.3787
prose-rdna-boosts,slru:0.5,16,0,64000,0.5055
prose-rdna-boosts,slru:0.5,16,1,64000,0.4451
prose-rdna-boosts,slru:0.5,16,2,64000,0.4121
prose-rdna-boosts,slru:0.5,16,3,64000,0.3629
prose-rdna-boosts,slru:0.5,16,4,64000,0.452
prose-rdna-boosts,slru:0.5,16,5,64000,0.4577
prose-rdna-boosts,slru:0.5,16,6,64000,0.5343
prose-rdna-boosts,slru:0.5,16,7,64000,0.4389
prose-rdna-boosts,slru:0.5,16,8,64000,0.4751
prose-rdna-boosts,slru:0.5,16,9,63680,0.4117
prose-rdna-boosts,static,32,0,64000,0.5587
prose-rdna-boosts,static,32,1,64000,0.5428
prose-rdna-boosts,static,32,2,64000,0.5702
prose-rdna-boosts,static,32,3,64000,0.5372
prose-rdna-boosts,static,32,4,64000,0.5648
prose-rdna-boosts,static,32,5,64000,0.4421
prose-rdna-boosts,static,32,6,64000,0.4333
prose-rdna-boosts,static,32,7,64000,0.4846
prose-rdna-boosts,static,32,8,64000,0.3797
prose-rdna-boosts,static,32,9,63680,0.4433
prose-rdna-boosts,warm_lru,32,0,64000,0.6616
prose-rdna-boosts,warm_lru,32,1,64000,0.581
prose-rdna-boosts,warm_lru,32,2,64000,0.5617
prose-rdna-boosts,warm_lru,32,3,64000,0.5071
prose-rdna-boosts,warm_lru,32,4,64000,0.6172
prose-rdna-boosts,warm_lru,32,5,64000,0.5956
prose-rdna-boosts,warm_lru,32,6,64000,0.658
prose-rdna-boosts,warm_lru,32,7,64000,0.5867
prose-rdna-boosts,warm_lru,32,8,64000,0.6203
prose-rdna-boosts,warm_lru,32,9,63680,0.5554
prose-rdna-boosts,lru,32,0,64000,0.6589
prose-rdna-boosts,lru,32,1,64000,0.581
prose-rdna-boosts,lru,32,2,64000,0.5617
prose-rdna-boosts,lru,32,3,64000,0.5071
prose-rdna-boosts,lru,32,4,64000,0.6172
prose-rdna-boosts,lru,32,5,64000,0.5956
prose-rdna-boosts,lru,32,6,64000,0.658
prose-rdna-boosts,lru,32,7,64000,0.5867
prose-rdna-boosts,lru,32,8,64000,0.6203
prose-rdna-boosts,lru,32,9,63680,0.5554
prose-rdna-boosts,second_touch,32,0,64000,0.6034
prose-rdna-boosts,second_touch,32,1,64000,0.5722
prose-rdna-boosts,second_touch,32,2,64000,0.5122
prose-rdna-boosts,second_touch,32,3,64000,0.4602
prose-rdna-boosts,second_touch,32,4,64000,0.5822
prose-rdna-boosts,second_touch,32,5,64000,0.546
prose-rdna-boosts,second_touch,32,6,64000,0.6054
prose-rdna-boosts,second_touch,32,7,64000,0.5372
prose-rdna-boosts,second_touch,32,8,64000,0.574
prose-rdna-boosts,second_touch,32,9,63680,0.5052
prose-rdna-boosts,lfu_decay:32,32,0,64000,0.6091
prose-rdna-boosts,lfu_decay:32,32,1,64000,0.5897
prose-rdna-boosts,lfu_decay:32,32,2,64000,0.5569
prose-rdna-boosts,lfu_decay:32,32,3,64000,0.5469
prose-rdna-boosts,lfu_decay:32,32,4,64000,0.5878
prose-rdna-boosts,lfu_decay:32,32,5,64000,0.5652
prose-rdna-boosts,lfu_decay:32,32,6,64000,0.6145
prose-rdna-boosts,lfu_decay:32,32,7,64000,0.5635
prose-rdna-boosts,lfu_decay:32,32,8,64000,0.5868
prose-rdna-boosts,lfu_decay:32,32,9,63680,0.5275
prose-rdna-boosts,lfru_decay:16,32,0,64000,0.6547
prose-rdna-boosts,lfru_decay:16,32,1,64000,0.6175
prose-rdna-boosts,lfru_decay:16,32,2,64000,0.5824
prose-rdna-boosts,lfru_decay:16,32,3,64000,0.5486
prose-rdna-boosts,lfru_decay:16,32,4,64000,0.6239
prose-rdna-boosts,lfru_decay:16,32,5,64000,0.5997
prose-rdna-boosts,lfru_decay:16,32,6,64000,0.6559
prose-rdna-boosts,lfru_decay:16,32,7,64000,0.603
prose-rdna-boosts,lfru_decay:16,32,8,64000,0.6288
prose-rdna-boosts,lfru_decay:16,32,9,63680,0.5648
prose-rdna-boosts,lfru_decay:32,32,0,64000,0.6358
prose-rdna-boosts,lfru_decay:32,32,1,64000,0.6055
prose-rdna-boosts,lfru_decay:32,32,2,64000,0.5747
prose-rdna-boosts,lfru_decay:32,32,3,64000,0.5573
prose-rdna-boosts,lfru_decay:32,32,4,64000,0.6078
prose-rdna-boosts,lfru_decay:32,32,5,64000,0.5876
prose-rdna-boosts,lfru_decay:32,32,6,64000,0.6407
prose-rdna-boosts,lfru_decay:32,32,7,64000,0.5843
prose-rdna-boosts,lfru_decay:32,32,8,64000,0.6083
prose-rdna-boosts,lfru_decay:32,32,9,63680,0.5482
prose-rdna-boosts,slru:0.5,32,0,64000,0.6608
prose-rdna-boosts,slru:0.5,32,1,64000,0.6085
prose-rdna-boosts,slru:0.5,32,2,64000,0.5682
prose-rdna-boosts,slru:0.5,32,3,64000,0.5252
prose-rdna-boosts,slru:0.5,32,4,64000,0.6241
prose-rdna-boosts,slru:0.5,32,5,64000,0.6034
prose-rdna-boosts,slru:0.5,32,6,64000,0.664
prose-rdna-boosts,slru:0.5,32,7,64000,0.6003
prose-rdna-boosts,slru:0.5,32,8,64000,0.63
prose-rdna-boosts,slru:0.5,32,9,63680,0.5671
prose-rdna-boosts,static,48,0,64000,0.6668
prose-rdna-boosts,static,48,1,64000,0.6601
prose-rdna-boosts,static,48,2,64000,0.6864
prose-rdna-boosts,static,48,3,64000,0.66
prose-rdna-boosts,static,48,4,64000,0.6787
prose-rdna-boosts,static,48,5,64000,0.5636
prose-rdna-boosts,static,48,6,64000,0.5494
prose-rdna-boosts,static,48,7,64000,0.6071
prose-rdna-boosts,static,48,8,64000,0.4953
prose-rdna-boosts,static,48,9,63680,0.5585
prose-rdna-boosts,warm_lru,48,0,64000,0.74
prose-rdna-boosts,warm_lru,48,1,64000,0.6975
prose-rdna-boosts,warm_lru,48,2,64000,0.6503
prose-rdna-boosts,warm_lru,48,3,64000,0.6037
prose-rdna-boosts,warm_lru,48,4,64000,0.7148
prose-rdna-boosts,warm_lru,48,5,64000,0.6763
prose-rdna-boosts,warm_lru,48,6,64000,0.7255
prose-rdna-boosts,warm_lru,48,7,64000,0.6775
prose-rdna-boosts,warm_lru,48,8,64000,0.7114
prose-rdna-boosts,warm_lru,48,9,63680,0.6465
prose-rdna-boosts,lru,48,0,64000,0.7343
prose-rdna-boosts,lru,48,1,64000,0.6975
prose-rdna-boosts,lru,48,2,64000,0.6503
prose-rdna-boosts,lru,48,3,64000,0.6037
prose-rdna-boosts,lru,48,4,64000,0.7148
prose-rdna-boosts,lru,48,5,64000,0.6763
prose-rdna-boosts,lru,48,6,64000,0.7255
prose-rdna-boosts,lru,48,7,64000,0.6775
prose-rdna-boosts,lru,48,8,64000,0.7114
prose-rdna-boosts,lru,48,9,63680,0.6465
prose-rdna-boosts,second_touch,48,0,64000,0.6926
prose-rdna-boosts,second_touch,48,1,64000,0.6795
prose-rdna-boosts,second_touch,48,2,64000,0.627
prose-rdna-boosts,second_touch,48,3,64000,0.6002
prose-rdna-boosts,second_touch,48,4,64000,0.6792
prose-rdna-boosts,second_touch,48,5,64000,0.6408
prose-rdna-boosts,second_touch,48,6,64000,0.6905
prose-rdna-boosts,second_touch,48,7,64000,0.6448
prose-rdna-boosts,second_touch,48,8,64000,0.6795
prose-rdna-boosts,second_touch,48,9,63680,0.6037
prose-rdna-boosts,lfu_decay:32,48,0,64000,0.7131
prose-rdna-boosts,lfu_decay:32,48,1,64000,0.6998
prose-rdna-boosts,lfu_decay:32,48,2,64000,0.6694
prose-rdna-boosts,lfu_decay:32,48,3,64000,0.6744
prose-rdna-boosts,lfu_decay:32,48,4,64000,0.6997
prose-rdna-boosts,lfu_decay:32,48,5,64000,0.6803
prose-rdna-boosts,lfu_decay:32,48,6,64000,0.7175
prose-rdna-boosts,lfu_decay:32,48,7,64000,0.6784
prose-rdna-boosts,lfu_decay:32,48,8,64000,0.7014
prose-rdna-boosts,lfu_decay:32,48,9,63680,0.6388
prose-rdna-boosts,lfru_decay:16,48,0,64000,0.7446
prose-rdna-boosts,lfru_decay:16,48,1,64000,0.721
prose-rdna-boosts,lfru_decay:16,48,2,64000,0.6827
prose-rdna-boosts,lfru_decay:16,48,3,64000,0.6527
prose-rdna-boosts,lfru_decay:16,48,4,64000,0.7314
prose-rdna-boosts,lfru_decay:16,48,5,64000,0.6973
prose-rdna-boosts,lfru_decay:16,48,6,64000,0.7408
prose-rdna-boosts,lfru_decay:16,48,7,64000,0.7048
prose-rdna-boosts,lfru_decay:16,48,8,64000,0.7296
prose-rdna-boosts,lfru_decay:16,48,9,63680,0.6659
prose-rdna-boosts,lfru_decay:32,48,0,64000,0.7382
prose-rdna-boosts,lfru_decay:32,48,1,64000,0.718
prose-rdna-boosts,lfru_decay:32,48,2,64000,0.6855
prose-rdna-boosts,lfru_decay:32,48,3,64000,0.6763
prose-rdna-boosts,lfru_decay:32,48,4,64000,0.7228
prose-rdna-boosts,lfru_decay:32,48,5,64000,0.698
prose-rdna-boosts,lfru_decay:32,48,6,64000,0.7432
prose-rdna-boosts,lfru_decay:32,48,7,64000,0.6965
prose-rdna-boosts,lfru_decay:32,48,8,64000,0.7232
prose-rdna-boosts,lfru_decay:32,48,9,63680,0.6615
prose-rdna-boosts,slru:0.5,48,0,64000,0.7433
prose-rdna-boosts,slru:0.5,48,1,64000,0.7073
prose-rdna-boosts,slru:0.5,48,2,64000,0.6682
prose-rdna-boosts,slru:0.5,48,3,64000,0.6412
prose-rdna-boosts,slru:0.5,48,4,64000,0.7237
prose-rdna-boosts,slru:0.5,48,5,64000,0.6896
prose-rdna-boosts,slru:0.5,48,6,64000,0.7355
prose-rdna-boosts,slru:0.5,48,7,64000,0.6934
prose-rdna-boosts,slru:0.5,48,8,64000,0.7214
prose-rdna-boosts,slru:0.5,48,9,63680,0.6554
prose-rdna-boosts,static,64,0,64000,0.7517
prose-rdna-boosts,static,64,1,64000,0.7474
prose-rdna-boosts,static,64,2,64000,0.7693
prose-rdna-boosts,static,64,3,64000,0.7494
prose-rdna-boosts,static,64,4,64000,0.7625
prose-rdna-boosts,static,64,5,64000,0.66
prose-rdna-boosts,static,64,6,64000,0.6353
prose-rdna-boosts,static,64,7,64000,0.6891
prose-rdna-boosts,static,64,8,64000,0.5845
prose-rdna-boosts,static,64,9,63680,0.6428
prose-rdna-boosts,warm_lru,64,0,64000,0.8038
prose-rdna-boosts,warm_lru,64,1,64000,0.7755
prose-rdna-boosts,warm_lru,64,2,64000,0.7264
prose-rdna-boosts,warm_lru,64,3,64000,0.7003
prose-rdna-boosts,warm_lru,64,4,64000,0.7775
prose-rdna-boosts,warm_lru,64,5,64000,0.7445
prose-rdna-boosts,warm_lru,64,6,64000,0.7841
prose-rdna-boosts,warm_lru,64,7,64000,0.7487
prose-rdna-boosts,warm_lru,64,8,64000,0.7784
prose-rdna-boosts,warm_lru,64,9,63680,0.7144
prose-rdna-boosts,lru,64,0,64000,0.793
prose-rdna-boosts,lru,64,1,64000,0.7755
prose-rdna-boosts,lru,64,2,64000,0.7264
prose-rdna-boosts,lru,64,3,64000,0.7003
prose-rdna-boosts,lru,64,4,64000,0.7775
prose-rdna-boosts,lru,64,5,64000,0.7445
prose-rdna-boosts,lru,64,6,64000,0.7841
prose-rdna-boosts,lru,64,7,64000,0.7487
prose-rdna-boosts,lru,64,8,64000,0.7784
prose-rdna-boosts,lru,64,9,63680,0.7144
prose-rdna-boosts,second_touch,64,0,64000,0.7497
prose-rdna-boosts,second_touch,64,1,64000,0.7685
prose-rdna-boosts,second_touch,64,2,64000,0.7263
prose-rdna-boosts,second_touch,64,3,64000,0.7106
prose-rdna-boosts,second_touch,64,4,64000,0.7554
prose-rdna-boosts,second_touch,64,5,64000,0.7312
prose-rdna-boosts,second_touch,64,6,64000,0.7651
prose-rdna-boosts,second_touch,64,7,64000,0.7375
prose-rdna-boosts,second_touch,64,8,64000,0.7698
prose-rdna-boosts,second_touch,64,9,63680,0.7006
prose-rdna-boosts,lfu_decay:32,64,0,64000,0.7825
prose-rdna-boosts,lfu_decay:32,64,1,64000,0.7761
prose-rdna-boosts,lfu_decay:32,64,2,64000,0.7529
prose-rdna-boosts,lfu_decay:32,64,3,64000,0.7606
prose-rdna-boosts,lfu_decay:32,64,4,64000,0.7778
prose-rdna-boosts,lfu_decay:32,64,5,64000,0.7627
prose-rdna-boosts,lfu_decay:32,64,6,64000,0.7859
prose-rdna-boosts,lfu_decay:32,64,7,64000,0.758
prose-rdna-boosts,lfu_decay:32,64,8,64000,0.7785
prose-rdna-boosts,lfu_decay:32,64,9,63680,0.7258
prose-rdna-boosts,lfru_decay:16,64,0,64000,0.7983
prose-rdna-boosts,lfru_decay:16,64,1,64000,0.7893
prose-rdna-boosts,lfru_decay:16,64,2,64000,0.7485
prose-rdna-boosts,lfru_decay:16,64,3,64000,0.7313
prose-rdna-boosts,lfru_decay:16,64,4,64000,0.7912
prose-rdna-boosts,lfru_decay:16,64,5,64000,0.7607
prose-rdna-boosts,lfru_decay:16,64,6,64000,0.7932
prose-rdna-boosts,lfru_decay:16,64,7,64000,0.7689
prose-rdna-boosts,lfru_decay:16,64,8,64000,0.7952
prose-rdna-boosts,lfru_decay:16,64,9,63680,0.7329
prose-rdna-boosts,lfru_decay:32,64,0,64000,0.7991
prose-rdna-boosts,lfru_decay:32,64,1,64000,0.7934
prose-rdna-boosts,lfru_decay:32,64,2,64000,0.7643
prose-rdna-boosts,lfru_decay:32,64,3,64000,0.7616
prose-rdna-boosts,lfru_decay:32,64,4,64000,0.7987
prose-rdna-boosts,lfru_decay:32,64,5,64000,0.7765
prose-rdna-boosts,lfru_decay:32,64,6,64000,0.8077
prose-rdna-boosts,lfru_decay:32,64,7,64000,0.7758
prose-rdna-boosts,lfru_decay:32,64,8,64000,0.8002
prose-rdna-boosts,lfru_decay:32,64,9,63680,0.7452
prose-rdna-boosts,slru:0.5,64,0,64000,0.7997
prose-rdna-boosts,slru:0.5,64,1,64000,0.7858
prose-rdna-boosts,slru:0.5,64,2,64000,0.7486
prose-rdna-boosts,slru:0.5,64,3,64000,0.7317
prose-rdna-boosts,slru:0.5,64,4,64000,0.7882
prose-rdna-boosts,slru:0.5,64,5,64000,0.7614
prose-rdna-boosts,slru:0.5,64,6,64000,0.7959
prose-rdna-boosts,slru:0.5,64,7,64000,0.767
prose-rdna-boosts,slru:0.5,64,8,64000,0.7947
prose-rdna-boosts,slru:0.5,64,9,63680,0.7316
reasoning,static,8,0,64000,0.279
reasoning,static,8,1,64000,0.2944
reasoning,static,8,2,64000,0.3032
reasoning,static,8,3,64000,0.2937
reasoning,static,8,4,64000,0.2481
reasoning,static,8,5,64000,0.2185
reasoning,static,8,6,64000,0.2522
reasoning,static,8,7,64000,0.1988
reasoning,static,8,8,64000,0.2092
reasoning,static,8,9,63680,0.2316
reasoning,warm_lru,8,0,64000,0.2312
reasoning,warm_lru,8,1,64000,0.2487
reasoning,warm_lru,8,2,64000,0.2398
reasoning,warm_lru,8,3,64000,0.2195
reasoning,warm_lru,8,4,64000,0.2155
reasoning,warm_lru,8,5,64000,0.2077
reasoning,warm_lru,8,6,64000,0.2008
reasoning,warm_lru,8,7,64000,0.1944
reasoning,warm_lru,8,8,64000,0.1642
reasoning,warm_lru,8,9,63680,0.1991
reasoning,lru,8,0,64000,0.2311
reasoning,lru,8,1,64000,0.2487
reasoning,lru,8,2,64000,0.2398
reasoning,lru,8,3,64000,0.2195
reasoning,lru,8,4,64000,0.2155
reasoning,lru,8,5,64000,0.2077
reasoning,lru,8,6,64000,0.2008
reasoning,lru,8,7,64000,0.1944
reasoning,lru,8,8,64000,0.1642
reasoning,lru,8,9,63680,0.1991
reasoning,second_touch,8,0,64000,0.2887
reasoning,second_touch,8,1,64000,0.2806
reasoning,second_touch,8,2,64000,0.268
reasoning,second_touch,8,3,64000,0.2512
reasoning,second_touch,8,4,64000,0.2402
reasoning,second_touch,8,5,64000,0.2226
reasoning,second_touch,8,6,64000,0.2292
reasoning,second_touch,8,7,64000,0.2137
reasoning,second_touch,8,8,64000,0.194
reasoning,second_touch,8,9,63680,0.2369
reasoning,lfu_decay:32,8,0,64000,0.3084
reasoning,lfu_decay:32,8,1,64000,0.3063
reasoning,lfu_decay:32,8,2,64000,0.3041
reasoning,lfu_decay:32,8,3,64000,0.3035
reasoning,lfu_decay:32,8,4,64000,0.2687
reasoning,lfu_decay:32,8,5,64000,0.2515
reasoning,lfu_decay:32,8,6,64000,0.2787
reasoning,lfu_decay:32,8,7,64000,0.2436
reasoning,lfu_decay:32,8,8,64000,0.2514
reasoning,lfu_decay:32,8,9,63680,0.2639
reasoning,lfru_decay:16,8,0,64000,0.3079
reasoning,lfru_decay:16,8,1,64000,0.3
reasoning,lfru_decay:16,8,2,64000,0.298
reasoning,lfru_decay:16,8,3,64000,0.2948
reasoning,lfru_decay:16,8,4,64000,0.2613
reasoning,lfru_decay:16,8,5,64000,0.2454
reasoning,lfru_decay:16,8,6,64000,0.2687
reasoning,lfru_decay:16,8,7,64000,0.2359
reasoning,lfru_decay:16,8,8,64000,0.2431
reasoning,lfru_decay:16,8,9,63680,0.2558
reasoning,lfru_decay:32,8,0,64000,0.2957
reasoning,lfru_decay:32,8,1,64000,0.2946
reasoning,lfru_decay:32,8,2,64000,0.2909
reasoning,lfru_decay:32,8,3,64000,0.2893
reasoning,lfru_decay:32,8,4,64000,0.2561
reasoning,lfru_decay:32,8,5,64000,0.2401
reasoning,lfru_decay:32,8,6,64000,0.2647
reasoning,lfru_decay:32,8,7,64000,0.2312
reasoning,lfru_decay:32,8,8,64000,0.2382
reasoning,lfru_decay:32,8,9,63680,0.2526
reasoning,slru:0.5,8,0,64000,0.2239
reasoning,slru:0.5,8,1,64000,0.2238
reasoning,slru:0.5,8,2,64000,0.2248
reasoning,slru:0.5,8,3,64000,0.2155
reasoning,slru:0.5,8,4,64000,0.1864
reasoning,slru:0.5,8,5,64000,0.1732
reasoning,slru:0.5,8,6,64000,0.1897
reasoning,slru:0.5,8,7,64000,0.1608
reasoning,slru:0.5,8,8,64000,0.1602
reasoning,slru:0.5,8,9,63680,0.1781
reasoning,static,16,0,64000,0.4148
reasoning,static,16,1,64000,0.4229
reasoning,static,16,2,64000,0.4431
reasoning,static,16,3,64000,0.4328
reasoning,static,16,4,64000,0.3851
reasoning,static,16,5,64000,0.3396
reasoning,static,16,6,64000,0.3764
reasoning,static,16,7,64000,0.3166
reasoning,static,16,8,64000,0.3171
reasoning,static,16,9,63680,0.3667
reasoning,warm_lru,16,0,64000,0.4742
reasoning,warm_lru,16,1,64000,0.4707
reasoning,warm_lru,16,2,64000,0.4437
reasoning,warm_lru,16,3,64000,0.4293
reasoning,warm_lru,16,4,64000,0.4128
reasoning,warm_lru,16,5,64000,0.3851
reasoning,warm_lru,16,6,64000,0.4011
reasoning,warm_lru,16,7,64000,0.3724
reasoning,warm_lru,16,8,64000,0.3442
reasoning,warm_lru,16,9,63680,0.4143
reasoning,lru,16,0,64000,0.4737
reasoning,lru,16,1,64000,0.4707
reasoning,lru,16,2,64000,0.4437
reasoning,lru,16,3,64000,0.4293
reasoning,lru,16,4,64000,0.4128
reasoning,lru,16,5,64000,0.3851
reasoning,lru,16,6,64000,0.4011
reasoning,lru,16,7,64000,0.3724
reasoning,lru,16,8,64000,0.3442
reasoning,lru,16,9,63680,0.4143
reasoning,second_touch,16,0,64000,0.4562
reasoning,second_touch,16,1,64000,0.4179
reasoning,second_touch,16,2,64000,0.4189
reasoning,second_touch,16,3,64000,0.3952
reasoning,second_touch,16,4,64000,0.3842
reasoning,second_touch,16,5,64000,0.3451
reasoning,second_touch,16,6,64000,0.3677
reasoning,second_touch,16,7,64000,0.3439
reasoning,second_touch,16,8,64000,0.3291
reasoning,second_touch,16,9,63680,0.3972
reasoning,lfu_decay:32,16,0,64000,0.45
reasoning,lfu_decay:32,16,1,64000,0.4399
reasoning,lfu_decay:32,16,2,64000,0.44
reasoning,lfu_decay:32,16,3,64000,0.4424
reasoning,lfu_decay:32,16,4,64000,0.4059
reasoning,lfu_decay:32,16,5,64000,0.3827
reasoning,lfu_decay:32,16,6,64000,0.412
reasoning,lfu_decay:32,16,7,64000,0.3727
reasoning,lfu_decay:32,16,8,64000,0.3788
reasoning,lfu_decay:32,16,9,63680,0.4043
reasoning,lfru_decay:16,16,0,64000,0.4712
reasoning,lfru_decay:16,16,1,64000,0.456
reasoning,lfru_decay:16,16,2,64000,0.4519
reasoning,lfru_decay:16,16,3,64000,0.4471
reasoning,lfru_decay:16,16,4,64000,0.4179
reasoning,lfru_decay:16,16,5,64000,0.3942
reasoning,lfru_decay:16,16,6,64000,0.418
reasoning,lfru_decay:16,16,7,64000,0.3816
reasoning,lfru_decay:16,16,8,64000,0.3844
reasoning,lfru_decay:16,16,9,63680,0.4136
reasoning,lfru_decay:32,16,0,64000,0.456
reasoning,lfru_decay:32,16,1,64000,0.4458
reasoning,lfru_decay:32,16,2,64000,0.4424
reasoning,lfru_decay:32,16,3,64000,0.4428
reasoning,lfru_decay:32,16,4,64000,0.4086
reasoning,lfru_decay:32,16,5,64000,0.3852
reasoning,lfru_decay:32,16,6,64000,0.4135
reasoning,lfru_decay:32,16,7,64000,0.3759
reasoning,lfru_decay:32,16,8,64000,0.3775
reasoning,lfru_decay:32,16,9,63680,0.4084
reasoning,slru:0.5,16,0,64000,0.4748
reasoning,slru:0.5,16,1,64000,0.4634
reasoning,slru:0.5,16,2,64000,0.4563
reasoning,slru:0.5,16,3,64000,0.4351
reasoning,slru:0.5,16,4,64000,0.4234
reasoning,slru:0.5,16,5,64000,0.3956
reasoning,slru:0.5,16,6,64000,0.4066
reasoning,slru:0.5,16,7,64000,0.3778
reasoning,slru:0.5,16,8,64000,0.3584
reasoning,slru:0.5,16,9,63680,0.4063
reasoning,static,32,0,64000,0.5902
reasoning,static,32,1,64000,0.596
reasoning,static,32,2,64000,0.6163
reasoning,static,32,3,64000,0.5999
reasoning,static,32,4,64000,0.5652
reasoning,static,32,5,64000,0.5024
reasoning,static,32,6,64000,0.5347
reasoning,static,32,7,64000,0.4865
reasoning,static,32,8,64000,0.4572
reasoning,static,32,9,63680,0.5366
reasoning,warm_lru,32,0,64000,0.6423
reasoning,warm_lru,32,1,64000,0.6025
reasoning,warm_lru,32,2,64000,0.6096
reasoning,warm_lru,32,3,64000,0.5845
reasoning,warm_lru,32,4,64000,0.5763
reasoning,warm_lru,32,5,64000,0.5322
reasoning,warm_lru,32,6,64000,0.5561
reasoning,warm_lru,32,7,64000,0.5304
reasoning,warm_lru,32,8,64000,0.5065
reasoning,warm_lru,32,9,63680,0.5915
reasoning,lru,32,0,64000,0.6402
reasoning,lru,32,1,64000,0.6025
reasoning,lru,32,2,64000,0.6096
reasoning,lru,32,3,64000,0.5845
reasoning,lru,32,4,64000,0.5763
reasoning,lru,32,5,64000,0.5322
reasoning,lru,32,6,64000,0.5561
reasoning,lru,32,7,64000,0.5304
reasoning,lru,32,8,64000,0.5065
reasoning,lru,32,9,63680,0.5915
reasoning,second_touch,32,0,64000,0.5979
reasoning,second_touch,32,1,64000,0.5648
reasoning,second_touch,32,2,64000,0.5922
reasoning,second_touch,32,3,64000,0.5682
reasoning,second_touch,32,4,64000,0.554
reasoning,second_touch,32,5,64000,0.5015
reasoning,second_touch,32,6,64000,0.5465
reasoning,second_touch,32,7,64000,0.4885
reasoning,second_touch,32,8,64000,0.5071
reasoning,second_touch,32,9,63680,0.5395
reasoning,lfu_decay:32,32,0,64000,0.6175
reasoning,lfu_decay:32,32,1,64000,0.6137
reasoning,lfu_decay:32,32,2,64000,0.6046
reasoning,lfu_decay:32,32,3,64000,0.6137
reasoning,lfu_decay:32,32,4,64000,0.5849
reasoning,lfu_decay:32,32,5,64000,0.5532
reasoning,lfu_decay:32,32,6,64000,0.5777
reasoning,lfu_decay:32,32,7,64000,0.5534
reasoning,lfu_decay:32,32,8,64000,0.536
reasoning,lfu_decay:32,32,9,63680,0.5898
reasoning,lfru_decay:16,32,0,64000,0.6444
reasoning,lfru_decay:16,32,1,64000,0.631
reasoning,lfru_decay:16,32,2,64000,0.6253
reasoning,lfru_decay:16,32,3,64000,0.622
reasoning,lfru_decay:16,32,4,64000,0.6068
reasoning,lfru_decay:16,32,5,64000,0.5723
reasoning,lfru_decay:16,32,6,64000,0.5905
reasoning,lfru_decay:16,32,7,64000,0.5654
reasoning,lfru_decay:16,32,8,64000,0.5507
reasoning,lfru_decay:16,32,9,63680,0.5995
reasoning,lfru_decay:32,32,0,64000,0.6348
reasoning,lfru_decay:32,32,1,64000,0.6274
reasoning,lfru_decay:32,32,2,64000,0.6206
reasoning,lfru_decay:32,32,3,64000,0.6225
reasoning,lfru_decay:32,32,4,64000,0.601
reasoning,lfru_decay:32,32,5,64000,0.5649
reasoning,lfru_decay:32,32,6,64000,0.59
reasoning,lfru_decay:32,32,7,64000,0.5653
reasoning,lfru_decay:32,32,8,64000,0.5447
reasoning,lfru_decay:32,32,9,63680,0.6023
reasoning,slru:0.5,32,0,64000,0.6462
reasoning,slru:0.5,32,1,64000,0.6198
reasoning,slru:0.5,32,2,64000,0.6263
reasoning,slru:0.5,32,3,64000,0.6085
reasoning,slru:0.5,32,4,64000,0.5954
reasoning,slru:0.5,32,5,64000,0.5529
reasoning,slru:0.5,32,6,64000,0.583
reasoning,slru:0.5,32,7,64000,0.5436
reasoning,slru:0.5,32,8,64000,0.5374
reasoning,slru:0.5,32,9,63680,0.5918
reasoning,static,48,0,64000,0.701
reasoning,static,48,1,64000,0.7154
reasoning,static,48,2,64000,0.7221
reasoning,static,48,3,64000,0.7085
reasoning,static,48,4,64000,0.6857
reasoning,static,48,5,64000,0.621
reasoning,static,48,6,64000,0.6405
reasoning,static,48,7,64000,0.6057
reasoning,static,48,8,64000,0.5539
reasoning,static,48,9,63680,0.6451
reasoning,warm_lru,48,0,64000,0.7286
reasoning,warm_lru,48,1,64000,0.6979
reasoning,warm_lru,48,2,64000,0.7174
reasoning,warm_lru,48,3,64000,0.7041
reasoning,warm_lru,48,4,64000,0.6921
reasoning,warm_lru,48,5,64000,0.6446
reasoning,warm_lru,48,6,64000,0.6812
reasoning,warm_lru,48,7,64000,0.6354
reasoning,warm_lru,48,8,64000,0.6411
reasoning,warm_lru,48,9,63680,0.6807
reasoning,lru,48,0,64000,0.7233
reasoning,lru,48,1,64000,0.6979
reasoning,lru,48,2,64000,0.7174
reasoning,lru,48,3,64000,0.7041
reasoning,lru,48,4,64000,0.6921
reasoning,lru,48,5,64000,0.6446
reasoning,lru,48,6,64000,0.6812
reasoning,lru,48,7,64000,0.6354
reasoning,lru,48,8,64000,0.6411
reasoning,lru,48,9,63680,0.6807
reasoning,second_touch,48,0,64000,0.687
reasoning,second_touch,48,1,64000,0.6898
reasoning,second_touch,48,2,64000,0.6855
reasoning,second_touch,48,3,64000,0.687
reasoning,second_touch,48,4,64000,0.6613
reasoning,second_touch,48,5,64000,0.6313
reasoning,second_touch,48,6,64000,0.6628
reasoning,second_touch,48,7,64000,0.6198
reasoning,second_touch,48,8,64000,0.6263
reasoning,second_touch,48,9,63680,0.6434
reasoning,lfu_decay:32,48,0,64000,0.7148
reasoning,lfu_decay:32,48,1,64000,0.7263
reasoning,lfu_decay:32,48,2,64000,0.708
reasoning,lfu_decay:32,48,3,64000,0.7216
reasoning,lfu_decay:32,48,4,64000,0.6997
reasoning,lfu_decay:32,48,5,64000,0.666
reasoning,lfu_decay:32,48,6,64000,0.6834
reasoning,lfu_decay:32,48,7,64000,0.6737
reasoning,lfu_decay:32,48,8,64000,0.6474
reasoning,lfu_decay:32,48,9,63680,0.7048
reasoning,lfru_decay:16,48,0,64000,0.7371
reasoning,lfru_decay:16,48,1,64000,0.7257
reasoning,lfru_decay:16,48,2,64000,0.7281
reasoning,lfru_decay:16,48,3,64000,0.7234
reasoning,lfru_decay:16,48,4,64000,0.7133
reasoning,lfru_decay:16,48,5,64000,0.6763
reasoning,lfru_decay:16,48,6,64000,0.6964
reasoning,lfru_decay:16,48,7,64000,0.6737
reasoning,lfru_decay:16,48,8,64000,0.6593
reasoning,lfru_decay:16,48,9,63680,0.7056
reasoning,lfru_decay:32,48,0,64000,0.7351
reasoning,lfru_decay:32,48,1,64000,0.7373
reasoning,lfru_decay:32,48,2,64000,0.7284
reasoning,lfru_decay:32,48,3,64000,0.7328
reasoning,lfru_decay:32,48,4,64000,0.7162
reasoning,lfru_decay:32,48,5,64000,0.68
reasoning,lfru_decay:32,48,6,64000,0.6996
reasoning,lfru_decay:32,48,7,64000,0.6859
reasoning,lfru_decay:32,48,8,64000,0.6609
reasoning,lfru_decay:32,48,9,63680,0.7163
reasoning,slru:0.5,48,0,64000,0.7338
reasoning,slru:0.5,48,1,64000,0.7215
reasoning,slru:0.5,48,2,64000,0.7273
reasoning,slru:0.5,48,3,64000,0.7175
reasoning,slru:0.5,48,4,64000,0.7004
reasoning,slru:0.5,48,5,64000,0.6644
reasoning,slru:0.5,48,6,64000,0.6887
reasoning,slru:0.5,48,7,64000,0.6578
reasoning,slru:0.5,48,8,64000,0.6503
reasoning,slru:0.5,48,9,63680,0.691
reasoning,static,64,0,64000,0.7816
reasoning,static,64,1,64000,0.8046
reasoning,static,64,2,64000,0.7982
reasoning,static,64,3,64000,0.7834
reasoning,static,64,4,64000,0.7686
reasoning,static,64,5,64000,0.7088
reasoning,static,64,6,64000,0.7192
reasoning,static,64,7,64000,0.6914
reasoning,static,64,8,64000,0.6287
reasoning,static,64,9,63680,0.7232
reasoning,warm_lru,64,0,64000,0.7941
reasoning,warm_lru,64,1,64000,0.7764
reasoning,warm_lru,64,2,64000,0.7798
reasoning,warm_lru,64,3,64000,0.7795
reasoning,warm_lru,64,4,64000,0.7662
reasoning,warm_lru,64,5,64000,0.7288
reasoning,warm_lru,64,6,64000,0.7597
reasoning,warm_lru,64,7,64000,0.7233
reasoning,warm_lru,64,8,64000,0.7247
reasoning,warm_lru,64,9,63680,0.7486
reasoning,lru,64,0,64000,0.7832
reasoning,lru,64,1,64000,0.7764
reasoning,lru,64,2,64000,0.7798
reasoning,lru,64,3,64000,0.7795
reasoning,lru,64,4,64000,0.7662
reasoning,lru,64,5,64000,0.7288
reasoning,lru,64,6,64000,0.7597
reasoning,lru,64,7,64000,0.7233
reasoning,lru,64,8,64000,0.7247
reasoning,lru,64,9,63680,0.7486
reasoning,second_touch,64,0,64000,0.7382
reasoning,second_touch,64,1,64000,0.7807
reasoning,second_touch,64,2,64000,0.7548
reasoning,second_touch,64,3,64000,0.7691
reasoning,second_touch,64,4,64000,0.7521
reasoning,second_touch,64,5,64000,0.729
reasoning,second_touch,64,6,64000,0.7379
reasoning,second_touch,64,7,64000,0.7295
reasoning,second_touch,64,8,64000,0.7063
reasoning,second_touch,64,9,63680,0.7404
reasoning,lfu_decay:32,64,0,64000,0.7768
reasoning,lfu_decay:32,64,1,64000,0.8038
reasoning,lfu_decay:32,64,2,64000,0.7779
reasoning,lfu_decay:32,64,3,64000,0.7935
reasoning,lfu_decay:32,64,4,64000,0.7742
reasoning,lfu_decay:32,64,5,64000,0.7481
reasoning,lfu_decay:32,64,6,64000,0.7564
reasoning,lfu_decay:32,64,7,64000,0.7529
reasoning,lfu_decay:32,64,8,64000,0.7269
reasoning,lfu_decay:32,64,9,63680,0.7772
reasoning,lfru_decay:16,64,0,64000,0.7905
reasoning,lfru_decay:16,64,1,64000,0.7922
reasoning,lfru_decay:16,64,2,64000,0.788
reasoning,lfru_decay:16,64,3,64000,0.7904
reasoning,lfru_decay:16,64,4,64000,0.7813
reasoning,lfru_decay:16,64,5,64000,0.7491
reasoning,lfru_decay:16,64,6,64000,0.7672
reasoning,lfru_decay:16,64,7,64000,0.7503
reasoning,lfru_decay:16,64,8,64000,0.7361
reasoning,lfru_decay:16,64,9,63680,0.7724
reasoning,lfru_decay:32,64,0,64000,0.7935
reasoning,lfru_decay:32,64,1,64000,0.8093
reasoning,lfru_decay:32,64,2,64000,0.7963
reasoning,lfru_decay:32,64,3,64000,0.8035
reasoning,lfru_decay:32,64,4,64000,0.7911
reasoning,lfru_decay:32,64,5,64000,0.7575
reasoning,lfru_decay:32,64,6,64000,0.774
reasoning,lfru_decay:32,64,7,64000,0.7638
reasoning,lfru_decay:32,64,8,64000,0.7422
reasoning,lfru_decay:32,64,9,63680,0.7897
reasoning,slru:0.5,64,0,64000,0.7916
reasoning,slru:0.5,64,1,64000,0.7969
reasoning,slru:0.5,64,2,64000,0.7855
reasoning,slru:0.5,64,3,64000,0.792
reasoning,slru:0.5,64,4,64000,0.7782
reasoning,slru:0.5,64,5,64000,0.7494
reasoning,slru:0.5,64,6,64000,0.7661
reasoning,slru:0.5,64,7,64000,0.7501
reasoning,slru:0.5,64,8,64000,0.735
reasoning,slru:0.5,64,9,63680,0.7665
recall,static,8,0,64000,0.2499
recall,static,8,1,64000,0.2728
recall,static,8,2,64000,0.2411
recall,static,8,3,64000,0.2457
recall,static,8,4,64000,0.2327
recall,static,8,5,64000,0.226
recall,static,8,6,64000,0.2228
recall,static,8,7,64000,0.2133
recall,static,8,8,64000,0.221
recall,static,8,9,63680,0.2087
recall,warm_lru,8,0,64000,0.1934
recall,warm_lru,8,1,64000,0.2018
recall,warm_lru,8,2,64000,0.1823
recall,warm_lru,8,3,64000,0.1657
recall,warm_lru,8,4,64000,0.1819
recall,warm_lru,8,5,64000,0.163
recall,warm_lru,8,6,64000,0.1745
recall,warm_lru,8,7,64000,0.1768
recall,warm_lru,8,8,64000,0.1703
recall,warm_lru,8,9,63680,0.1887
recall,lru,8,0,64000,0.1933
recall,lru,8,1,64000,0.2018
recall,lru,8,2,64000,0.1823
recall,lru,8,3,64000,0.1657
recall,lru,8,4,64000,0.1819
recall,lru,8,5,64000,0.163
recall,lru,8,6,64000,0.1745
recall,lru,8,7,64000,0.1768
recall,lru,8,8,64000,0.1703
recall,lru,8,9,63680,0.1887
recall,second_touch,8,0,64000,0.2165
recall,second_touch,8,1,64000,0.2242
recall,second_touch,8,2,64000,0.2053
recall,second_touch,8,3,64000,0.1862
recall,second_touch,8,4,64000,0.2056
recall,second_touch,8,5,64000,0.189
recall,second_touch,8,6,64000,0.198
recall,second_touch,8,7,64000,0.2012
recall,second_touch,8,8,64000,0.2012
recall,second_touch,8,9,63680,0.2144
recall,lfu_decay:32,8,0,64000,0.265
recall,lfu_decay:32,8,1,64000,0.2815
recall,lfu_decay:32,8,2,64000,0.2451
recall,lfu_decay:32,8,3,64000,0.2542
recall,lfu_decay:32,8,4,64000,0.2566
recall,lfu_decay:32,8,5,64000,0.2561
recall,lfu_decay:32,8,6,64000,0.2771
recall,lfu_decay:32,8,7,64000,0.26
recall,lfu_decay:32,8,8,64000,0.2779
recall,lfu_decay:32,8,9,63680,0.2734
recall,lfru_decay:16,8,0,64000,0.252
recall,lfru_decay:16,8,1,64000,0.2648
recall,lfru_decay:16,8,2,64000,0.2357
recall,lfru_decay:16,8,3,64000,0.2349
recall,lfru_decay:16,8,4,64000,0.2436
recall,lfru_decay:16,8,5,64000,0.2384
recall,lfru_decay:16,8,6,64000,0.2556
recall,lfru_decay:16,8,7,64000,0.2447
recall,lfru_decay:16,8,8,64000,0.2576
recall,lfru_decay:16,8,9,63680,0.257
recall,lfru_decay:32,8,0,64000,0.2502
recall,lfru_decay:32,8,1,64000,0.265
recall,lfru_decay:32,8,2,64000,0.2305
recall,lfru_decay:32,8,3,64000,0.2381
recall,lfru_decay:32,8,4,64000,0.2426
recall,lfru_decay:32,8,5,64000,0.2411
recall,lfru_decay:32,8,6,64000,0.2595
recall,lfru_decay:32,8,7,64000,0.2445
recall,lfru_decay:32,8,8,64000,0.2595
recall,lfru_decay:32,8,9,63680,0.2568
recall,slru:0.5,8,0,64000,0.1675
recall,slru:0.5,8,1,64000,0.1817
recall,slru:0.5,8,2,64000,0.1618
recall,slru:0.5,8,3,64000,0.156
recall,slru:0.5,8,4,64000,0.1674
recall,slru:0.5,8,5,64000,0.1618
recall,slru:0.5,8,6,64000,0.173
recall,slru:0.5,8,7,64000,0.1651
recall,slru:0.5,8,8,64000,0.1729
recall,slru:0.5,8,9,63680,0.1756
recall,static,16,0,64000,0.3856
recall,static,16,1,64000,0.427
recall,static,16,2,64000,0.3804
recall,static,16,3,64000,0.3928
recall,static,16,4,64000,0.3726
recall,static,16,5,64000,0.3593
recall,static,16,6,64000,0.359
recall,static,16,7,64000,0.3436
recall,static,16,8,64000,0.3548
recall,static,16,9,63680,0.3361
recall,warm_lru,16,0,64000,0.3787
recall,warm_lru,16,1,64000,0.3963
recall,warm_lru,16,2,64000,0.363
recall,warm_lru,16,3,64000,0.3393
recall,warm_lru,16,4,64000,0.3636
recall,warm_lru,16,5,64000,0.3452
recall,warm_lru,16,6,64000,0.3584
recall,warm_lru,16,7,64000,0.3599
recall,warm_lru,16,8,64000,0.3604
recall,warm_lru,16,9,63680,0.3788
recall,lru,16,0,64000,0.3784
recall,lru,16,1,64000,0.3963
recall,lru,16,2,64000,0.363
recall,lru,16,3,64000,0.3393
recall,lru,16,4,64000,0.3636
recall,lru,16,5,64000,0.3452
recall,lru,16,6,64000,0.3584
recall,lru,16,7,64000,0.3599
recall,lru,16,8,64000,0.3604
recall,lru,16,9,63680,0.3788
recall,second_touch,16,0,64000,0.358
recall,second_touch,16,1,64000,0.3696
recall,second_touch,16,2,64000,0.3434
recall,second_touch,16,3,64000,0.326
recall,second_touch,16,4,64000,0.3447
recall,second_touch,16,5,64000,0.3339
recall,second_touch,16,6,64000,0.3442
recall,second_touch,16,7,64000,0.3457
recall,second_touch,16,8,64000,0.3511
recall,second_touch,16,9,63680,0.3593
recall,lfu_decay:32,16,0,64000,0.3969
recall,lfu_decay:32,16,1,64000,0.4327
recall,lfu_decay:32,16,2,64000,0.3806
recall,lfu_decay:32,16,3,64000,0.3957
recall,lfu_decay:32,16,4,64000,0.4013
recall,lfu_decay:32,16,5,64000,0.3947
recall,lfu_decay:32,16,6,64000,0.4244
recall,lfu_decay:32,16,7,64000,0.401
recall,lfu_decay:32,16,8,64000,0.426
recall,lfu_decay:32,16,9,63680,0.42
recall,lfru_decay:16,16,0,64000,0.4063
recall,lfru_decay:16,16,1,64000,0.4291
recall,lfru_decay:16,16,2,64000,0.3895
recall,lfru_decay:16,16,3,64000,0.389
recall,lfru_decay:16,16,4,64000,0.4027
recall,lfru_decay:16,16,5,64000,0.3886
recall,lfru_decay:16,16,6,64000,0.4161
recall,lfru_decay:16,16,7,64000,0.4008
recall,lfru_decay:16,16,8,64000,0.415
recall,lfru_decay:16,16,9,63680,0.4181
recall,lfru_decay:32,16,0,64000,0.4003
recall,lfru_decay:32,16,1,64000,0.4295
recall,lfru_decay:32,16,2,64000,0.3802
recall,lfru_decay:32,16,3,64000,0.3929
recall,lfru_decay:32,16,4,64000,0.3986
recall,lfru_decay:32,16,5,64000,0.3925
recall,lfru_decay:32,16,6,64000,0.4199
recall,lfru_decay:32,16,7,64000,0.3977
recall,lfru_decay:32,16,8,64000,0.4205
recall,lfru_decay:32,16,9,63680,0.4163
recall,slru:0.5,16,0,64000,0.3931
recall,slru:0.5,16,1,64000,0.4073
recall,slru:0.5,16,2,64000,0.3757
recall,slru:0.5,16,3,64000,0.3555
recall,slru:0.5,16,4,64000,0.3796
recall,slru:0.5,16,5,64000,0.3579
recall,slru:0.5,16,6,64000,0.3785
recall,slru:0.5,16,7,64000,0.3752
recall,slru:0.5,16,8,64000,0.3785
recall,slru:0.5,16,9,63680,0.3944
recall,static,32,0,64000,0.5735
recall,static,32,1,64000,0.6202
recall,static,32,2,64000,0.5662
recall,static,32,3,64000,0.5887
recall,static,32,4,64000,0.5647
recall,static,32,5,64000,0.5545
recall,static,32,6,64000,0.5545
recall,static,32,7,64000,0.5375
recall,static,32,8,64000,0.5502
recall,static,32,9,63680,0.5219
recall,warm_lru,32,0,64000,0.5597
recall,warm_lru,32,1,64000,0.5732
recall,warm_lru,32,2,64000,0.5383
recall,warm_lru,32,3,64000,0.5194
recall,warm_lru,32,4,64000,0.5388
recall,warm_lru,32,5,64000,0.5279
recall,warm_lru,32,6,64000,0.5407
recall,warm_lru,32,7,64000,0.5424
recall,warm_lru,32,8,64000,0.5461
recall,warm_lru,32,9,63680,0.5537
recall,lru,32,0,64000,0.5578
recall,lru,32,1,64000,0.5732
recall,lru,32,2,64000,0.5383
recall,lru,32,3,64000,0.5194
recall,lru,32,4,64000,0.5388
recall,lru,32,5,64000,0.5279
recall,lru,32,6,64000,0.5407
recall,lru,32,7,64000,0.5424
recall,lru,32,8,64000,0.5461
recall,lru,32,9,63680,0.5537
recall,second_touch,32,0,64000,0.5315
recall,second_touch,32,1,64000,0.5602
recall,second_touch,32,2,64000,0.5186
recall,second_touch,32,3,64000,0.5083
recall,second_touch,32,4,64000,0.5205
recall,second_touch,32,5,64000,0.5134
recall,second_touch,32,6,64000,0.5332
recall,second_touch,32,7,64000,0.5269
recall,second_touch,32,8,64000,0.5344
recall,second_touch,32,9,63680,0.5375
recall,lfu_decay:32,32,0,64000,0.5738
recall,lfu_decay:32,32,1,64000,0.6173
recall,lfu_decay:32,32,2,64000,0.5627
recall,lfu_decay:32,32,3,64000,0.5794
recall,lfu_decay:32,32,4,64000,0.5868
recall,lfu_decay:32,32,5,64000,0.5739
recall,lfu_decay:32,32,6,64000,0.6088
recall,lfu_decay:32,32,7,64000,0.5811
recall,lfu_decay:32,32,8,64000,0.6059
recall,lfu_decay:32,32,9,63680,0.6006
recall,lfru_decay:16,32,0,64000,0.5885
recall,lfru_decay:16,32,1,64000,0.6196
recall,lfru_decay:16,32,2,64000,0.5759
recall,lfru_decay:16,32,3,64000,0.5728
recall,lfru_decay:16,32,4,64000,0.5898
recall,lfru_decay:16,32,5,64000,0.5736
recall,lfru_decay:16,32,6,64000,0.5999
recall,lfru_decay:16,32,7,64000,0.5888
recall,lfru_decay:16,32,8,64000,0.5983
recall,lfru_decay:16,32,9,63680,0.6016
recall,lfru_decay:32,32,0,64000,0.5871
recall,lfru_decay:32,32,1,64000,0.625
recall,lfru_decay:32,32,2,64000,0.5726
recall,lfru_decay:32,32,3,64000,0.5847
recall,lfru_decay:32,32,4,64000,0.5949
recall,lfru_decay:32,32,5,64000,0.5807
recall,lfru_decay:32,32,6,64000,0.6124
recall,lfru_decay:32,32,7,64000,0.5889
recall,lfru_decay:32,32,8,64000,0.6106
recall,lfru_decay:32,32,9,63680,0.6072
recall,slru:0.5,32,0,64000,0.5747
recall,slru:0.5,32,1,64000,0.5993
recall,slru:0.5,32,2,64000,0.5585
recall,slru:0.5,32,3,64000,0.5495
recall,slru:0.5,32,4,64000,0.5668
recall,slru:0.5,32,5,64000,0.5489
recall,slru:0.5,32,6,64000,0.5727
recall,slru:0.5,32,7,64000,0.5634
recall,slru:0.5,32,8,64000,0.5729
recall,slru:0.5,32,9,63680,0.581
recall,static,48,0,64000,0.6967
recall,static,48,1,64000,0.7426
recall,static,48,2,64000,0.6901
recall,static,48,3,64000,0.7183
recall,static,48,4,64000,0.694
recall,static,48,5,64000,0.6896
recall,static,48,6,64000,0.6914
recall,static,48,7,64000,0.6691
recall,static,48,8,64000,0.6864
recall,static,48,9,63680,0.6534
recall,warm_lru,48,0,64000,0.6702
recall,warm_lru,48,1,64000,0.6936
recall,warm_lru,48,2,64000,0.6524
recall,warm_lru,48,3,64000,0.6428
recall,warm_lru,48,4,64000,0.6552
recall,warm_lru,48,5,64000,0.6456
recall,warm_lru,48,6,64000,0.6663
recall,warm_lru,48,7,64000,0.6615
recall,warm_lru,48,8,64000,0.666
recall,warm_lru,48,9,63680,0.6688
recall,lru,48,0,64000,0.665
recall,lru,48,1,64000,0.6936
recall,lru,48,2,64000,0.6524
recall,lru,48,3,64000,0.6428
recall,lru,48,4,64000,0.6552
recall,lru,48,5,64000,0.6456
recall,lru,48,6,64000,0.6663
recall,lru,48,7,64000,0.6615
recall,lru,48,8,64000,0.666
recall,lru,48,9,63680,0.6688
recall,second_touch,48,0,64000,0.6393
recall,second_touch,48,1,64000,0.6891
recall,second_touch,48,2,64000,0.6474
recall,second_touch,48,3,64000,0.6399
recall,second_touch,48,4,64000,0.6527
recall,second_touch,48,5,64000,0.643
recall,second_touch,48,6,64000,0.6647
recall,second_touch,48,7,64000,0.6559
recall,second_touch,48,8,64000,0.6659
recall,second_touch,48,9,63680,0.667
recall,lfu_decay:32,48,0,64000,0.6821
recall,lfu_decay:32,48,1,64000,0.7322
recall,lfu_decay:32,48,2,64000,0.681
recall,lfu_decay:32,48,3,64000,0.6974
recall,lfu_decay:32,48,4,64000,0.7057
recall,lfu_decay:32,48,5,64000,0.6904
recall,lfu_decay:32,48,6,64000,0.7226
recall,lfu_decay:32,48,7,64000,0.6984
recall,lfu_decay:32,48,8,64000,0.7219
recall,lfu_decay:32,48,9,63680,0.7157
recall,lfru_decay:16,48,0,64000,0.6895
recall,lfru_decay:16,48,1,64000,0.7266
recall,lfru_decay:16,48,2,64000,0.6848
recall,lfru_decay:16,48,3,64000,0.6836
recall,lfru_decay:16,48,4,64000,0.6967
recall,lfru_decay:16,48,5,64000,0.6808
recall,lfru_decay:16,48,6,64000,0.703
recall,lfru_decay:16,48,7,64000,0.6947
recall,lfru_decay:16,48,8,64000,0.7017
recall,lfru_decay:16,48,9,63680,0.7039
recall,lfru_decay:32,48,0,64000,0.6965
recall,lfru_decay:32,48,1,64000,0.7397
recall,lfru_decay:32,48,2,64000,0.6927
recall,lfru_decay:32,48,3,64000,0.7045
recall,lfru_decay:32,48,4,64000,0.7145
recall,lfru_decay:32,48,5,64000,0.6993
recall,lfru_decay:32,48,6,64000,0.726
recall,lfru_decay:32,48,7,64000,0.7061
recall,lfru_decay:32,48,8,64000,0.7271
recall,lfru_decay:32,48,9,63680,0.7225
recall,slru:0.5,48,0,64000,0.6795
recall,slru:0.5,48,1,64000,0.7134
recall,slru:0.5,48,2,64000,0.6725
recall,slru:0.5,48,3,64000,0.6672
recall,slru:0.5,48,4,64000,0.6803
recall,slru:0.5,48,5,64000,0.6685
recall,slru:0.5,48,6,64000,0.6892
recall,slru:0.5,48,7,64000,0.6819
recall,slru:0.5,48,8,64000,0.6891
recall,slru:0.5,48,9,63680,0.6912
recall,static,64,0,64000,0.7839
recall,static,64,1,64000,0.8243
recall,static,64,2,64000,0.7806
recall,static,64,3,64000,0.8055
recall,static,64,4,64000,0.7862
recall,static,64,5,64000,0.7807
recall,static,64,6,64000,0.7795
recall,static,64,7,64000,0.7638
recall,static,64,8,64000,0.7753
recall,static,64,9,63680,0.7464
recall,warm_lru,64,0,64000,0.7525
recall,warm_lru,64,1,64000,0.7791
recall,warm_lru,64,2,64000,0.7459
recall,warm_lru,64,3,64000,0.7383
recall,warm_lru,64,4,64000,0.7458
recall,warm_lru,64,5,64000,0.7399
recall,warm_lru,64,6,64000,0.7578
recall,warm_lru,64,7,64000,0.7513
recall,warm_lru,64,8,64000,0.7585
recall,warm_lru,64,9,63680,0.7583
recall,lru,64,0,64000,0.7417
recall,lru,64,1,64000,0.7791
recall,lru,64,2,64000,0.7459
recall,lru,64,3,64000,0.7383
recall,lru,64,4,64000,0.7458
recall,lru,64,5,64000,0.7399
recall,lru,64,6,64000,0.7578
recall,lru,64,7,64000,0.7513
recall,lru,64,8,64000,0.7585
recall,lru,64,9,63680,0.7583
recall,second_touch,64,0,64000,0.7167
recall,second_touch,64,1,64000,0.7791
recall,second_touch,64,2,64000,0.7442
recall,second_touch,64,3,64000,0.7421
recall,second_touch,64,4,64000,0.7535
recall,second_touch,64,5,64000,0.7409
recall,second_touch,64,6,64000,0.7641
recall,second_touch,64,7,64000,0.7506
recall,second_touch,64,8,64000,0.7642
recall,second_touch,64,9,63680,0.7641
recall,lfu_decay:32,64,0,64000,0.7538
recall,lfu_decay:32,64,1,64000,0.8069
recall,lfu_decay:32,64,2,64000,0.764
recall,lfu_decay:32,64,3,64000,0.7776
recall,lfu_decay:32,64,4,64000,0.7846
recall,lfu_decay:32,64,5,64000,0.7711
recall,lfu_decay:32,64,6,64000,0.7985
recall,lfu_decay:32,64,7,64000,0.7792
recall,lfu_decay:32,64,8,64000,0.7967
recall,lfu_decay:32,64,9,63680,0.7921
recall,lfru_decay:16,64,0,64000,0.7546
recall,lfru_decay:16,64,1,64000,0.7947
recall,lfru_decay:16,64,2,64000,0.7612
recall,lfru_decay:16,64,3,64000,0.7598
recall,lfru_decay:16,64,4,64000,0.7675
recall,lfru_decay:16,64,5,64000,0.7571
recall,lfru_decay:16,64,6,64000,0.7765
recall,lfru_decay:16,64,7,64000,0.7663
recall,lfru_decay:16,64,8,64000,0.7746
recall,lfru_decay:16,64,9,63680,0.7741
recall,lfru_decay:32,64,0,64000,0.7658
recall,lfru_decay:32,64,1,64000,0.8126
recall,lfru_decay:32,64,2,64000,0.7747
recall,lfru_decay:32,64,3,64000,0.7832
recall,lfru_decay:32,64,4,64000,0.7909
recall,lfru_decay:32,64,5,64000,0.7777
recall,lfru_decay:32,64,6,64000,0.7989
recall,lfru_decay:32,64,7,64000,0.7872
recall,lfru_decay:32,64,8,64000,0.7988
recall,lfru_decay:32,64,9,63680,0.7962
recall,slru:0.5,64,0,64000,0.7544
recall,slru:0.5,64,1,64000,0.7926
recall,slru:0.5,64,2,64000,0.7587
recall,slru:0.5,64,3,64000,0.7583
recall,slru:0.5,64,4,64000,0.7657
recall,slru:0.5,64,5,64000,0.7559
recall,slru:0.5,64,6,64000,0.7748
recall,slru:0.5,64,7,64000,0.7671
recall,slru:0.5,64,8,64000,0.7749
recall,slru:0.5,64,9,63680,0.7756
