prompt,policy,S,reaches,hits,h_all,h_steady,h_win_min,h_win_mean,cache_gib
code-python,static,8,639680,163653,0.2558,0.2478,0.2031,0.2558,0.94
code-python,warm_lru,8,639680,152473,0.2384,0.2433,0.1778,0.2383,0.94
code-python,lru,8,639680,152457,0.2383,0.2433,0.1778,0.2383,0.94
code-python,second_touch,8,639680,171413,0.268,0.2715,0.2023,0.2679,0.94
code-python,lfu_decay:32,8,639680,192907,0.3016,0.3078,0.262,0.3016,0.94
code-python,lfru_decay:16,8,639680,193118,0.3019,0.3093,0.2541,0.3019,0.94
code-python,lfru_decay:32,8,639680,184647,0.2887,0.294,0.249,0.2886,0.94
code-python,slru:0.5,8,639680,138117,0.2159,0.2229,0.1733,0.2159,0.94
code-python,static,16,639680,242119,0.3785,0.3676,0.3096,0.3785,1.88
code-python,warm_lru,16,639680,277631,0.434,0.4399,0.3475,0.434,1.88
code-python,lru,16,639680,277556,0.4339,0.4399,0.3475,0.4339,1.88
code-python,second_touch,16,639680,260310,0.4069,0.4143,0.3324,0.4069,1.88
code-python,lfu_decay:32,16,639680,277719,0.4342,0.4405,0.3869,0.4341,1.88
code-python,lfru_decay:16,16,639680,287929,0.4501,0.4583,0.3897,0.4501,1.88
code-python,lfru_decay:32,16,639680,279332,0.4367,0.4433,0.3848,0.4367,1.88
code-python,slru:0.5,16,639680,285117,0.4457,0.4534,0.3681,0.4457,1.88
code-python,static,32,639680,331981,0.519,0.4962,0.4297,0.5189,3.75
code-python,warm_lru,32,639680,369851,0.5782,0.5864,0.5055,0.5782,3.75
code-python,lru,32,639680,369647,0.5779,0.5864,0.5055,0.5778,3.75
code-python,second_touch,32,639680,359054,0.5613,0.5729,0.5032,0.5613,3.75
code-python,lfu_decay:32,32,639680,372157,0.5818,0.586,0.5423,0.5818,3.75
code-python,lfru_decay:16,32,639680,386382,0.604,0.6125,0.5474,0.604,3.75
code-python,lfru_decay:32,32,639680,381436,0.5963,0.6015,0.5493,0.5963,3.75
code-python,slru:0.5,32,639680,383783,0.6,0.6082,0.5381,0.5999,3.75
code-python,static,48,639680,394817,0.6172,0.5889,0.5264,0.6172,5.62
code-python,warm_lru,48,639680,431314,0.6743,0.6828,0.6192,0.6742,5.62
code-python,lru,48,639680,430927,0.6737,0.6828,0.6192,0.6736,5.62
code-python,second_touch,48,639680,422980,0.6612,0.6718,0.6223,0.6612,5.62
code-python,lfu_decay:32,48,639680,432433,0.676,0.6779,0.6474,0.676,5.62
code-python,lfru_decay:16,48,639680,443706,0.6936,0.701,0.6526,0.6936,5.62
code-python,lfru_decay:32,48,639680,443846,0.6939,0.6973,0.6602,0.6938,5.62
code-python,slru:0.5,48,639680,441702,0.6905,0.6989,0.6472,0.6905,5.62
code-python,static,64,639680,443215,0.6929,0.6606,0.603,0.6928,7.5
code-python,warm_lru,64,639680,477724,0.7468,0.7534,0.7135,0.7468,7.5
code-python,lru,64,639680,477069,0.7458,0.7534,0.7135,0.7458,7.5
code-python,second_touch,64,639680,466177,0.7288,0.736,0.6989,0.7288,7.5
code-python,lfu_decay:32,64,639680,475700,0.7437,0.7433,0.7182,0.7436,7.5
code-python,lfru_decay:16,64,639680,483308,0.7555,0.7614,0.7272,0.7555,7.5
code-python,lfru_decay:32,64,639680,486999,0.7613,0.7643,0.736,0.7613,7.5
code-python,slru:0.5,64,639680,483069,0.7552,0.7618,0.7255,0.7552,7.5
code-reasoning-mixed,static,8,639680,151766,0.2373,0.2041,0.1861,0.2372,0.94
code-reasoning-mixed,warm_lru,8,639680,176626,0.2761,0.2744,0.2577,0.2761,0.94
code-reasoning-mixed,lru,8,639680,176623,0.2761,0.2744,0.2577,0.2761,0.94
code-reasoning-mixed,second_touch,8,639680,193653,0.3027,0.2986,0.2768,0.3027,0.94
code-reasoning-mixed,lfu_decay:32,8,639680,201901,0.3156,0.3166,0.2834,0.3156,0.94
code-reasoning-mixed,lfru_decay:16,8,639680,207358,0.3242,0.3233,0.2954,0.3242,0.94
code-reasoning-mixed,lfru_decay:32,8,639680,193368,0.3023,0.3023,0.2729,0.3023,0.94
code-reasoning-mixed,slru:0.5,8,639680,158802,0.2483,0.2437,0.2221,0.2482,0.94
code-reasoning-mixed,static,16,639680,232101,0.3628,0.3257,0.2997,0.3628,1.88
code-reasoning-mixed,warm_lru,16,639680,309125,0.4832,0.4775,0.4493,0.4833,1.88
code-reasoning-mixed,lru,16,639680,309104,0.4832,0.4775,0.4493,0.4832,1.88
code-reasoning-mixed,second_touch,16,639680,294255,0.46,0.4523,0.4193,0.46,1.88
code-reasoning-mixed,lfu_decay:32,16,639680,290341,0.4539,0.4565,0.4083,0.4539,1.88
code-reasoning-mixed,lfru_decay:16,16,639680,312186,0.488,0.4882,0.4622,0.488,1.88
code-reasoning-mixed,lfru_decay:32,16,639680,293023,0.4581,0.4597,0.4164,0.4581,1.88
code-reasoning-mixed,slru:0.5,16,639680,321419,0.5025,0.4974,0.4704,0.5025,1.88
code-reasoning-mixed,static,32,639680,327793,0.5124,0.4578,0.4117,0.5124,3.75
code-reasoning-mixed,warm_lru,32,639680,414886,0.6486,0.6415,0.6104,0.6486,3.75
code-reasoning-mixed,lru,32,639680,414755,0.6484,0.6415,0.6104,0.6484,3.75
code-reasoning-mixed,second_touch,32,639680,407627,0.6372,0.6322,0.6106,0.6372,3.75
code-reasoning-mixed,lfu_decay:32,32,639680,393037,0.6144,0.6162,0.5601,0.6144,3.75
code-reasoning-mixed,lfru_decay:16,32,639680,423833,0.6626,0.6619,0.6373,0.6626,3.75
code-reasoning-mixed,lfru_decay:32,32,639680,405040,0.6332,0.6338,0.5856,0.6332,3.75
code-reasoning-mixed,slru:0.5,32,639680,427101,0.6677,0.6634,0.6419,0.6677,3.75
code-reasoning-mixed,static,48,639680,395218,0.6178,0.5548,0.4774,0.6178,5.62
code-reasoning-mixed,warm_lru,48,639680,482924,0.7549,0.7491,0.73,0.7549,5.62
code-reasoning-mixed,lru,48,639680,482514,0.7543,0.7491,0.73,0.7543,5.62
code-reasoning-mixed,second_touch,48,639680,471130,0.7365,0.735,0.7162,0.7365,5.62
code-reasoning-mixed,lfu_decay:32,48,639680,458725,0.7171,0.7185,0.6691,0.7171,5.62
code-reasoning-mixed,lfru_decay:16,48,639680,487191,0.7616,0.759,0.7388,0.7616,5.62
code-reasoning-mixed,lfru_decay:32,48,639680,473147,0.7397,0.7402,0.6974,0.7396,5.62
code-reasoning-mixed,slru:0.5,48,639680,488101,0.763,0.7594,0.7446,0.763,5.62
code-reasoning-mixed,static,64,639680,447575,0.6997,0.6348,0.5532,0.6997,7.5
code-reasoning-mixed,warm_lru,64,639680,525237,0.8211,0.817,0.8037,0.8211,7.5
code-reasoning-mixed,lru,64,639680,524458,0.8199,0.817,0.8037,0.8199,7.5
code-reasoning-mixed,second_touch,64,639680,508750,0.7953,0.797,0.7706,0.7953,7.5
code-reasoning-mixed,lfu_decay:32,64,639680,502596,0.7857,0.7872,0.7445,0.7857,7.5
code-reasoning-mixed,lfru_decay:16,64,639680,525814,0.822,0.8203,0.8048,0.822,7.5
code-reasoning-mixed,lfru_decay:32,64,639680,518415,0.8104,0.8108,0.7804,0.8104,7.5
code-reasoning-mixed,slru:0.5,64,639680,526701,0.8234,0.8222,0.8072,0.8234,7.5
prose-rdna-boosts,static,8,639680,143167,0.2238,0.1879,0.1462,0.2238,0.94
prose-rdna-boosts,warm_lru,8,639680,157184,0.2457,0.2583,0.1987,0.2457,0.94
prose-rdna-boosts,lru,8,639680,157176,0.2457,0.2583,0.1987,0.2457,0.94
prose-rdna-boosts,second_touch,8,639680,169856,0.2655,0.2786,0.2032,0.2655,0.94
prose-rdna-boosts,lfu_decay:32,8,639680,181168,0.2832,0.2868,0.25,0.2832,0.94
prose-rdna-boosts,lfru_decay:16,8,639680,181172,0.2832,0.2898,0.2373,0.2832,0.94
prose-rdna-boosts,lfru_decay:32,8,639680,174238,0.2724,0.2769,0.2377,0.2724,0.94
prose-rdna-boosts,slru:0.5,8,639680,131266,0.2052,0.2145,0.1516,0.2052,0.94
prose-rdna-boosts,static,16,639680,217324,0.3397,0.2921,0.2349,0.3397,1.88
prose-rdna-boosts,warm_lru,16,639680,284288,0.4444,0.4621,0.3631,0.4444,1.88
prose-rdna-boosts,lru,16,639680,284248,0.4444,0.4621,0.3631,0.4443,1.88
prose-rdna-boosts,second_touch,16,639680,258858,0.4047,0.4157,0.3199,0.4046,1.88
prose-rdna-boosts,lfu_decay:32,16,639680,263709,0.4123,0.412,0.371,0.4122,1.88
prose-rdna-boosts,lfru_decay:16,16,639680,277987,0.4346,0.4398,0.3772,0.4346,1.88
prose-rdna-boosts,lfru_decay:32,16,639680,267858,0.4187,0.4201,0.3773,0.4187,1.88
prose-rdna-boosts,slru:0.5,16,639680,287567,0.4495,0.4636,0.3629,0.4495,1.88
prose-rdna-boosts,static,32,639680,317083,0.4957,0.4366,0.3797,0.4957,3.75
prose-rdna-boosts,warm_lru,32,639680,380281,0.5945,0.6032,0.5071,0.5945,3.75
prose-rdna-boosts,lru,32,639680,380108,0.5942,0.6032,0.5071,0.5942,3.75
prose-rdna-boosts,second_touch,32,639680,351705,0.5498,0.5536,0.4602,0.5498,3.75
prose-rdna-boosts,lfu_decay:32,32,639680,367691,0.5748,0.5715,0.5275,0.5748,3.75
prose-rdna-boosts,lfru_decay:16,32,639680,388894,0.608,0.6105,0.5486,0.6079,3.75
prose-rdna-boosts,lfru_decay:32,32,639680,380639,0.595,0.5939,0.5482,0.595,3.75
prose-rdna-boosts,slru:0.5,32,639680,387118,0.6052,0.613,0.5252,0.6052,3.75
prose-rdna-boosts,static,48,639680,391879,0.6126,0.5548,0.4953,0.6126,5.62
prose-rdna-boosts,warm_lru,48,639680,437787,0.6844,0.6875,0.6037,0.6844,5.62
prose-rdna-boosts,lru,48,639680,437420,0.6838,0.6875,0.6037,0.6838,5.62
prose-rdna-boosts,second_touch,48,639680,418231,0.6538,0.6519,0.6002,0.6538,5.62
prose-rdna-boosts,lfu_decay:32,48,639680,439652,0.6873,0.6833,0.6388,0.6873,5.62
prose-rdna-boosts,lfru_decay:16,48,639680,452314,0.7071,0.7077,0.6527,0.7071,5.62
prose-rdna-boosts,lfru_decay:32,48,639680,451836,0.7063,0.7045,0.6615,0.7063,5.62
prose-rdna-boosts,slru:0.5,48,639680,446433,0.6979,0.6991,0.6412,0.6979,5.62
prose-rdna-boosts,static,64,639680,447283,0.6992,0.6423,0.5845,0.6992,7.5
prose-rdna-boosts,warm_lru,64,639680,483207,0.7554,0.7541,0.7003,0.7554,7.5
prose-rdna-boosts,lru,64,639680,482515,0.7543,0.7541,0.7003,0.7543,7.5
prose-rdna-boosts,second_touch,64,639680,474311,0.7415,0.7409,0.7006,0.7415,7.5
prose-rdna-boosts,lfu_decay:32,64,639680,490055,0.7661,0.7622,0.7258,0.7661,7.5
prose-rdna-boosts,lfru_decay:16,64,639680,493186,0.771,0.7702,0.7313,0.771,7.5
prose-rdna-boosts,lfru_decay:32,64,639680,500407,0.7823,0.7811,0.7452,0.7823,7.5
prose-rdna-boosts,slru:0.5,64,639680,492865,0.7705,0.7702,0.7316,0.7705,7.5
reasoning,static,8,639680,161765,0.2529,0.2221,0.1988,0.2529,0.94
reasoning,warm_lru,8,639680,135683,0.2121,0.1932,0.1642,0.2121,0.94
reasoning,lru,8,639680,135675,0.2121,0.1932,0.1642,0.2121,0.94
reasoning,second_touch,8,639680,155125,0.2425,0.2193,0.194,0.2425,0.94
reasoning,lfu_decay:32,8,639680,177838,0.278,0.2578,0.2436,0.278,0.94
reasoning,lfru_decay:16,8,639680,173408,0.2711,0.2498,0.2359,0.2711,0.94
reasoning,lfru_decay:32,8,639680,169744,0.2654,0.2454,0.2312,0.2654,0.94
reasoning,slru:0.5,8,639680,123879,0.1937,0.1724,0.1602,0.1937,0.94
reasoning,static,16,639680,244054,0.3815,0.3433,0.3166,0.3815,1.88
reasoning,warm_lru,16,639680,265322,0.4148,0.3834,0.3442,0.4148,1.88
reasoning,lru,16,639680,265287,0.4147,0.3834,0.3442,0.4147,1.88
reasoning,second_touch,16,639680,246624,0.3855,0.3566,0.3291,0.3855,1.88
reasoning,lfu_decay:32,16,639680,264112,0.4129,0.3901,0.3727,0.4129,1.88
reasoning,lfru_decay:16,16,639680,270976,0.4236,0.3984,0.3816,0.4236,1.88
reasoning,lfru_decay:32,16,639680,265860,0.4156,0.3921,0.3759,0.4156,1.88
reasoning,slru:0.5,16,639680,268523,0.4198,0.3889,0.3584,0.4198,1.88
reasoning,static,32,639680,350870,0.5485,0.5035,0.4572,0.5485,3.75
reasoning,warm_lru,32,639680,366649,0.5732,0.5433,0.5065,0.5732,3.75
reasoning,lru,32,639680,366513,0.573,0.5433,0.5065,0.573,3.75
reasoning,second_touch,32,639680,349289,0.546,0.5166,0.4885,0.546,3.75
reasoning,lfu_decay:32,32,639680,373857,0.5844,0.562,0.536,0.5844,3.75
reasoning,lfru_decay:16,32,639680,384299,0.6008,0.5756,0.5507,0.6008,3.75
reasoning,lfru_decay:32,32,639680,382107,0.5973,0.5734,0.5447,0.5973,3.75
reasoning,slru:0.5,32,639680,377739,0.5905,0.5617,0.5374,0.5905,3.75
reasoning,static,48,639680,422116,0.6599,0.6132,0.5539,0.6599,5.62
reasoning,warm_lru,48,639680,436469,0.6823,0.6566,0.6354,0.6823,5.62
reasoning,lru,48,639680,436130,0.6818,0.6566,0.6354,0.6818,5.62
reasoning,second_touch,48,639680,421823,0.6594,0.6367,0.6198,0.6594,5.62
reasoning,lfu_decay:32,48,639680,444304,0.6946,0.675,0.6474,0.6946,5.62
reasoning,lfru_decay:16,48,639680,450269,0.7039,0.6823,0.6593,0.7039,5.62
reasoning,lfru_decay:32,48,639680,453691,0.7092,0.6885,0.6609,0.7093,5.62
reasoning,slru:0.5,48,639680,444749,0.6953,0.6704,0.6503,0.6953,5.62
reasoning,static,64,639680,473860,0.7408,0.6942,0.6287,0.7408,7.5
reasoning,warm_lru,64,639680,484952,0.7581,0.737,0.7233,0.7581,7.5
reasoning,lru,64,639680,484258,0.757,0.737,0.7233,0.757,7.5
reasoning,second_touch,64,639680,475789,0.7438,0.7286,0.7063,0.7438,7.5
reasoning,lfu_decay:32,64,639680,491762,0.7688,0.7523,0.7269,0.7688,7.5
reasoning,lfru_decay:16,64,639680,493665,0.7717,0.755,0.7361,0.7717,7.5
reasoning,lfru_decay:32,64,639680,500286,0.7821,0.7654,0.7422,0.7821,7.5
reasoning,slru:0.5,64,639680,493280,0.7711,0.7534,0.735,0.7711,7.5
recall,static,8,639680,149312,0.2334,0.2184,0.2087,0.2334,0.94
recall,warm_lru,8,639680,115041,0.1798,0.1746,0.163,0.1798,0.94
recall,lru,8,639680,115035,0.1798,0.1746,0.163,0.1798,0.94
recall,second_touch,8,639680,130593,0.2042,0.2007,0.1862,0.2042,0.94
recall,lfu_decay:32,8,639680,169317,0.2647,0.2689,0.2451,0.2647,0.94
recall,lfru_decay:16,8,639680,158915,0.2484,0.2507,0.2349,0.2484,0.94
recall,lfru_decay:32,8,639680,159136,0.2488,0.2523,0.2305,0.2488,0.94
recall,slru:0.5,8,639680,107644,0.1683,0.1697,0.156,0.1683,0.94
recall,static,16,639680,237404,0.3711,0.3506,0.3361,0.3711,1.88
recall,warm_lru,16,639680,233066,0.3643,0.3605,0.3393,0.3644,1.88
recall,lru,16,639680,233052,0.3643,0.3605,0.3393,0.3643,1.88
recall,second_touch,16,639680,222341,0.3476,0.3468,0.326,0.3476,1.88
recall,lfu_decay:32,16,639680,260557,0.4073,0.4132,0.3806,0.4073,1.88
recall,lfru_decay:16,16,639680,259405,0.4055,0.4077,0.3886,0.4055,1.88
recall,lfru_decay:32,16,639680,258964,0.4048,0.4094,0.3802,0.4048,1.88
recall,slru:0.5,16,639680,242804,0.3796,0.3769,0.3555,0.3796,1.88
recall,static,32,639680,360264,0.5632,0.5437,0.5219,0.5632,3.75
recall,warm_lru,32,639680,347990,0.544,0.5421,0.5194,0.544,3.75
recall,lru,32,639680,347870,0.5438,0.5421,0.5194,0.5438,3.75
recall,second_touch,32,639680,338044,0.5285,0.5291,0.5083,0.5285,3.75
recall,lfu_decay:32,32,639680,376787,0.589,0.5941,0.5627,0.589,3.75
recall,lfru_decay:16,32,639680,377973,0.5909,0.5924,0.5728,0.5909,3.75
recall,lfru_decay:32,32,639680,381520,0.5964,0.6,0.5726,0.5964,3.75
recall,slru:0.5,32,639680,363832,0.5688,0.5678,0.5489,0.5688,3.75
recall,static,48,639680,443409,0.6932,0.678,0.6534,0.6932,5.62
recall,warm_lru,48,639680,423617,0.6622,0.6616,0.6428,0.6622,5.62
recall,lru,48,639680,423287,0.6617,0.6616,0.6428,0.6617,5.62
recall,second_touch,48,639680,419940,0.6565,0.6593,0.6393,0.6565,5.62
recall,lfu_decay:32,48,639680,450803,0.7047,0.7098,0.681,0.7047,5.62
recall,lfru_decay:16,48,639680,445566,0.6965,0.6968,0.6808,0.6965,5.62
recall,lfru_decay:32,48,639680,456016,0.7129,0.7162,0.6927,0.7129,5.62
recall,slru:0.5,48,639680,437074,0.6833,0.684,0.6672,0.6833,5.62
recall,static,64,639680,500635,0.7826,0.7692,0.7464,0.7826,7.5
recall,warm_lru,64,639680,481512,0.7527,0.7532,0.7383,0.7527,7.5
recall,lru,64,639680,480824,0.7517,0.7532,0.7383,0.7517,7.5
recall,second_touch,64,639680,481004,0.7519,0.7568,0.7167,0.752,7.5
recall,lfu_decay:32,64,639680,500518,0.7825,0.7875,0.7538,0.7825,7.5
recall,lfru_decay:16,64,639680,491672,0.7686,0.7697,0.7546,0.7686,7.5
recall,lfru_decay:32,64,639680,504444,0.7886,0.7917,0.7658,0.7886,7.5
recall,slru:0.5,64,639680,491155,0.7678,0.7697,0.7544,0.7678,7.5
