config,ncmoe,pp8192
ours-1gpu,0,6450.49
ours-2gpu-tensor,0,7638.97
ours-2gpu-layer,0,6308.19
upstream-1gpu,0,3882.41
upstream-2gpu-layer,0,3993.93
ours-1gpu,1,6235.68
ours-2gpu-tensor,1,7330.50
ours-2gpu-layer,1,6192.58
upstream-1gpu,1,3822.28
upstream-2gpu-layer,1,3822.73
ours-1gpu,2,6166.17
ours-2gpu-tensor,2,7025.02
ours-2gpu-layer,2,6089.92
upstream-1gpu,2,3766.67
upstream-2gpu-layer,2,3767.15
ours-1gpu,3,6118.01
ours-2gpu-tensor,3,7101.78
ours-2gpu-layer,3,6017.06
upstream-1gpu,3,3702.73
upstream-2gpu-layer,3,3706.17
ours-1gpu,4,6045.53
ours-2gpu-tensor,4,6959.38
ours-2gpu-layer,4,5955.13
upstream-1gpu,4,3640.12
upstream-2gpu-layer,4,3648.97
ours-1gpu,5,6081.28
ours-2gpu-tensor,5,7165.79
ours-2gpu-layer,5,5990.24
upstream-1gpu,5,3597.74
upstream-2gpu-layer,5,3593.92
ours-1gpu,6,6103.19
ours-2gpu-tensor,6,7108.73
ours-2gpu-layer,6,6026.58
upstream-1gpu,6,3541.33
upstream-2gpu-layer,6,3537.46
ours-1gpu,7,6126.67
ours-2gpu-tensor,7,7099.70
ours-2gpu-layer,7,6053.52
upstream-1gpu,7,3488.93
upstream-2gpu-layer,7,3495.11
ours-1gpu,8,6147.62
ours-2gpu-tensor,8,7014.13
ours-2gpu-layer,8,6080.16
upstream-1gpu,8,3408.17
upstream-2gpu-layer,8,3446.08
ours-1gpu,9,6130.66
ours-2gpu-tensor,9,6959.87
ours-2gpu-layer,9,6069.44
upstream-1gpu,9,3389.21
upstream-2gpu-layer,9,3394.64
ours-1gpu,10,6124.89
ours-2gpu-tensor,10,6863.07
ours-2gpu-layer,10,6057.08
upstream-1gpu,10,3346.50
upstream-2gpu-layer,10,3349.67
ours-1gpu,11,6104.81
ours-2gpu-tensor,11,6836.11
ours-2gpu-layer,11,6046.67
upstream-1gpu,11,3307.30
upstream-2gpu-layer,11,3304.95
ours-1gpu,12,6105.86
ours-2gpu-tensor,12,6739.75
ours-2gpu-layer,12,6037.63
upstream-1gpu,12,3236.67
upstream-2gpu-layer,12,3265.19
ours-1gpu,13,6090.81
ours-2gpu-tensor,13,6684.54
ours-2gpu-layer,13,6020.43
upstream-1gpu,13,3218.80
upstream-2gpu-layer,13,3221.78
ours-1gpu,14,6075.62
ours-2gpu-tensor,14,6637.64
ours-2gpu-layer,14,6008.57
upstream-1gpu,14,3186.64
upstream-2gpu-layer,14,3185.94
ours-1gpu,15,6063.79
ours-2gpu-tensor,15,6614.93
ours-2gpu-layer,15,5997.82
upstream-1gpu,15,3144.77
upstream-2gpu-layer,15,3144.06
ours-1gpu,16,6051.40
ours-2gpu-tensor,16,6540.94
ours-2gpu-layer,16,5985.80
upstream-1gpu,16,3107.67
upstream-2gpu-layer,16,3113.71
ours-1gpu,17,6048.84
ours-2gpu-tensor,17,6494.93
ours-2gpu-layer,17,5976.01
upstream-1gpu,17,3078.11
upstream-2gpu-layer,17,3076.71
ours-1gpu,18,6033.29
ours-2gpu-tensor,18,6426.04
ours-2gpu-layer,18,5970.81
upstream-1gpu,18,3054.57
upstream-2gpu-layer,18,3042.57
ours-1gpu,19,6017.30
ours-2gpu-tensor,19,6379.96
ours-2gpu-layer,19,5949.15
upstream-1gpu,19,3015.95
upstream-2gpu-layer,19,3007.47
ours-1gpu,20,6004.86
ours-2gpu-tensor,20,6324.13
ours-2gpu-layer,20,5942.91
upstream-1gpu,20,2978.25
upstream-2gpu-layer,20,2974.39
ours-1gpu,21,5996.69
ours-2gpu-tensor,21,6284.05
ours-2gpu-layer,21,5930.17
upstream-1gpu,21,2952.80
upstream-2gpu-layer,21,2936.15
ours-1gpu,22,5979.97
ours-2gpu-tensor,22,6220.33
ours-2gpu-layer,22,5807.75
upstream-1gpu,22,2914.75
upstream-2gpu-layer,22,2882.83
ours-1gpu,23,5975.50
ours-2gpu-tensor,23,6174.47
ours-2gpu-layer,23,5677.40
upstream-1gpu,23,2888.77
upstream-2gpu-layer,23,2832.76
ours-1gpu,24,5964.15
ours-2gpu-tensor,24,6137.37
ours-2gpu-layer,24,5557.27
upstream-1gpu,24,2844.98
upstream-2gpu-layer,24,2783.39
ours-1gpu,25,5954.61
ours-2gpu-tensor,25,6098.69
ours-2gpu-layer,25,5438.62
upstream-1gpu,25,2823.26
upstream-2gpu-layer,25,2738.86
ours-1gpu,26,5945.74
ours-2gpu-tensor,26,6057.94
ours-2gpu-layer,26,5329.86
upstream-1gpu,26,2795.10
upstream-2gpu-layer,26,2696.69
ours-1gpu,27,5936.92
ours-2gpu-tensor,27,6055.52
ours-2gpu-layer,27,5217.69
upstream-1gpu,27,2764.44
upstream-2gpu-layer,27,2658.59
ours-1gpu,28,5919.28
ours-2gpu-tensor,28,5971.25
ours-2gpu-layer,28,5120.64
upstream-1gpu,28,2732.34
upstream-2gpu-layer,28,2600.66
ours-1gpu,29,5907.69
ours-2gpu-tensor,29,5869.32
ours-2gpu-layer,29,5016.82
upstream-1gpu,29,2719.81
upstream-2gpu-layer,29,2557.55
ours-1gpu,30,5895.96
ours-2gpu-tensor,30,5883.46
ours-2gpu-layer,30,4919.40
upstream-1gpu,30,2680.74
upstream-2gpu-layer,30,2525.25
ours-1gpu,31,5886.87
ours-2gpu-tensor,31,5860.48
ours-2gpu-layer,31,4827.31
upstream-1gpu,31,2664.85
upstream-2gpu-layer,31,2480.49
ours-1gpu,32,5877.64
ours-2gpu-tensor,32,5832.45
ours-2gpu-layer,32,4740.69
upstream-1gpu,32,2624.98
upstream-2gpu-layer,32,2447.74
ours-1gpu,33,5867.94
ours-2gpu-tensor,33,5759.34
ours-2gpu-layer,33,4660.22
upstream-1gpu,33,2613.25
upstream-2gpu-layer,33,2416.19
ours-1gpu,34,5853.71
ours-2gpu-tensor,34,5731.94
ours-2gpu-layer,34,4571.85
upstream-1gpu,34,2593.61
upstream-2gpu-layer,34,2381.96
ours-1gpu,35,5777.75
ours-2gpu-tensor,35,5621.30
ours-2gpu-layer,35,4471.52
upstream-1gpu,35,2562.19
upstream-2gpu-layer,35,2346.20
ours-1gpu,36,5766.55
ours-2gpu-tensor,36,5590.47
ours-2gpu-layer,36,4390.09
upstream-1gpu,36,2536.60
upstream-2gpu-layer,36,2305.65
ours-1gpu,37,5762.59
ours-2gpu-tensor,37,5527.13
ours-2gpu-layer,37,4322.75
upstream-1gpu,37,2512.20
upstream-2gpu-layer,37,2275.24
ours-1gpu,38,5758.24
ours-2gpu-tensor,38,5516.55
ours-2gpu-layer,38,4245.22
upstream-1gpu,38,2493.96
upstream-2gpu-layer,38,2245.28
ours-1gpu,39,5682.49
ours-2gpu-tensor,39,5367.21
ours-2gpu-layer,39,4148.25
upstream-1gpu,39,2470.71
upstream-2gpu-layer,39,2215.58
ours-1gpu,40,5793.55
ours-2gpu-tensor,40,5445.05
ours-2gpu-layer,40,4106.51
upstream-1gpu,40,2448.19
upstream-2gpu-layer,40,2192.67
